Animal_Id,Cell_Id,Loss_100N,Loss_360N,R_Squared,I_baseline,A_fast,A_phasic,tau_decay,J1,KAPPA,J0,U_floor,T_phasic,tau_neural,fc_stim_duration,t_delay,HDpeakFRsmooth,HDpeakFR,HDInx,pValS,pValR,nSpk,HDFR,HDAngle,vm_deltaBIC,vm_deltaAIC,vm_deltaLL,vm_mu1_deg,vm_mu2_deg,vm_kappa,vm_kappa2,vm_pi,vm_mu_uni_deg,vm_kappa_uni,EI_balance,membrane_reactivity,phasic_energy,Membrane_Reactivity,Phasic_Energy,EI_Balance
EB09,1.0,12.058736565213263,16.487567337891576,0.8070760063782387,5.205164982812332,2329.7288039492637,35.13396617747844,38.26805534915059,8.729588506304287,9.804771451947653,3.681599974993539,-11.900701926516216,127.42400055215988,40.9367759640286,3.9786931572142556,6.340633849462093,7.195121951219507,11.278195488721794,0.6472529909707935,0.018000000000000016,5.781870073154109e-16,188.0,2.1943206313293895,40.591500454238684,48.08593286575149,57.79525875424133,31.897629377120666,27.06281261873059,60.391224693654955,1.5380412072649392,30.3166866149031,0.5361955266576922,46.590399917307494,2.3599605981505505,2.371139875488403,56.91041243688587,4476.91052559858,56.91041243688587,4476.91052559858,2.371139875488403
EB12,50.0,184.14164436628596,184.16242444761207,0.7585971111403961,60.0,2836.0745197795763,48.014384066410244,500.0,12.860343145200027,20.0,9.927864105762948,-35.526952787048316,113.80000000046624,10.0,1.64661276419689,7.300603084568592,102.80000000000219,140.00000000000296,0.9277207957506769,0.0010000000000000009,0.0,630.0,11.087848140831865,340.0264953260984,183.26799439976605,196.6051538579228,101.3025769289614,344.07827195877354,104.5506774352204,10.517643393670584,0.3444360068141309,0.95,344.51791822297463,5.399900386447691,1.2953786442075519,283.6074519779576,5464.036906779872,283.6074519779576,5464.036906779872,1.2953786442075519
EB12,51.0,19.921114383601452,19.656706799237494,0.7947939957327818,36.406547978210604,1813.6685742629315,82.08210832291488,171.0517592809508,9.693046150939837,9.05521044567118,16.517548033410495,-14.114750061513456,112.39999999246179,10.0,4.924608080485479,5.739398397890742,71.75324675324829,101.405622489962,0.9166043431738644,0.0,3.264014418303201e-280,799.0,12.978886811111877,273.75595075111755,-17.777447115873315,-3.7273642785744983,1.1363178607127509,282.6152472897345,271.1372889770752,14.006085669133011,18.189543977774434,0.533186053427505,277.23327921804884,13.687444322875768,0.586833235255829,181.36685742629317,9226.02897487688,181.36685742629317,9226.02897487688,0.586833235255829
EB12,52.0,16.056391709611052,15.262252726733935,0.8895520265321589,55.55845056205039,2848.6561407122485,109.04701470149543,445.20233142976406,9.979777524397447,2.818753663721568,14.44307015731053,-16.534218973333786,116.59999996073638,10.0,4.6693086959820125,4.6073153720459485,90.53672316384375,141.94915254237588,0.9149632111721017,0.0,0.0,728.0,11.532892506471411,179.5290288374829,13.439108994875767,27.210012139465817,16.60500606973291,182.641755211962,189.11996760837462,10.376636257500618,114.96136092017068,0.7807110961991918,184.11312493202047,12.564438748290893,0.6909734160188972,284.86561407122485,12714.881909912787,284.86561407122485,12714.881909912787,0.6909734160188972
EB12,53.0,30.732889865054123,30.731849622527285,0.8143039259454462,57.96207758751788,2749.3611844359716,90.16928749931266,307.7439085204808,14.797153165861182,2.658345907618813,20.0,-29.578112479331864,116.19999999955341,10.0,3.904125336186198,5.149566796541969,109.90566037736085,195.5818965517283,0.9217709629439391,0.0010000000000000009,0.0,1142.0,18.787158927519734,3.1172766147155606,411.74749908003923,426.8691082506871,216.43455412534354,18.056025722385296,6.918897715581046,59.89035143961617,3.158679623159694,0.5460773922873109,13.51563728500824,5.870752119037942,0.7398576582930592,274.93611844359714,10477.671207379863,274.93611844359714,10477.671207379863,0.7398576582930592
EB12,54.0,204.63178461737843,194.35429951853206,0.77996022007472,54.098735089243114,1989.0917880268428,46.252822297993944,254.5866500706081,11.328463968238788,15.228286593790683,6.716964432485835,-12.0241638026857,116.12713546380763,10.0,4.4343407402265935,6.999991107948073,128.91156462585306,187.9251700680312,0.9117718554722639,0.0010000000000000009,0.0,951.0,16.429580847013135,24.972541557056537,111.82068965430904,126.3932318419453,66.19661592097265,34.268475012310525,27.49925620827612,10.91142353945207,1.1036774359160861,0.95,34.10154703847228,7.480237701224708,1.6865451770817723,198.90917880268427,5371.207760582565,198.90917880268427,5371.207760582565,1.6865451770817723
EB12,55.0,124.44560740921081,124.50960094955016,0.8193836649398483,59.386490050551046,2883.9985557066166,43.1072316552564,200.98652395728675,11.460516465341595,11.093338851953366,9.383587737013501,-1.0,117.42915694593616,10.0,1.725192366431107,7.399999998252212,132.9908675799115,255.1136363636418,0.912464229737907,0.0,0.0,1340.0,19.725038846550387,192.26939715736634,149.96969112894482,165.57096580777966,85.78548290388983,199.81296264770185,198.2998078378174,25.798568443581885,4.4573240151090125,0.735477190205522,199.44379690751802,11.072878040222959,1.2213363146950351,288.39985557066166,5062.045871549931,288.39985557066166,5062.045871549931,1.2213363146950351
EB12,57.0,68.46243773828479,68.09625080708243,0.4512507640399184,44.326897713158345,303.8298562810618,80.92195548086391,237.24844312989453,10.021237642281884,4.536422597079377,20.0,-1.0,102.19999211424917,10.0,1.0243776266185574,0.0,43.777292576420145,56.277056277057476,0.8376950034660848,0.0,1.8920361371263605e-149,638.0,7.21840308105882,132.72189383212955,63.03691900770423,76.41193385773863,41.205966928869316,128.99408923694895,196.0965999236595,6.829375958644433,5.198832671043213,0.8605505010871036,136.78182287149883,3.6793198178157387,0.5010618821140942,30.382985628106177,8270.223212013914,30.382985628106177,8270.223212013914,0.5010618821140942
EB12,58.0,62.98007306554516,59.077343744502926,0.8000484412271651,57.56712234275524,2347.937385616925,71.01400488348261,144.05382826230064,8.39705011067068,3.8829899787972035,7.247575861419329,-15.44055519817776,116.4000000064593,10.0,3.181094850821508,4.669083917799738,71.6942148760346,89.87603305785315,0.9480080444201183,0.0,2.0861304171260612e-232,413.0,6.918488479460297,358.21828390242433,122.75530967236091,134.82565245124403,70.41282622562201,8.015856106534143,329.1272978316973,11.64924987786962,0.355118756583836,0.9341183165201896,7.556588814915892,5.396164141546649,1.1586012028339423,234.7937385616925,8266.030168896077,234.7937385616925,8266.030168896077,1.1586012028339423
EB12,59.0,42.905388452018656,42.915876173610556,0.40138549899978604,47.744058812326706,749.5253737933799,42.040611649469604,67.49526364521026,10.876123190355178,6.0649021091359,11.332142650751141,-1.0,108.40000000074726,10.0,3.197627654143735,6.000055243172272,26.872246696035816,38.87559808612524,0.9374531464180882,0.0,2.234500215149745e-98,258.0,3.048160942897785,95.93865902115616,-4.711252579135353,5.947626175629498,5.973813087814749,108.76254233381441,88.00074091294927,42.61541977974446,49.52655717364782,0.5956105355114851,100.37942258885926,18.966976315379064,0.9597587610348572,74.952537379338,4557.20230283392,74.952537379338,4557.20230283392,0.9597587610348572
EB12,60.0,42.229650639462506,42.22946869130162,0.7682782767413925,54.97979459755376,2375.0067372678564,53.06866093448117,127.71453635246715,10.569506954692992,5.997075699208263,13.448735059937167,-12.873421644702397,113.20000035231989,10.924935679622177,2.104460195255415,7.924246022056256,51.17370892018889,68.54838709677566,0.8977892001286043,0.0,1.5992633228051457e-194,610.0,5.679731663405322,228.0776837380164,-6.636614808752029,6.603762062750093,6.301881031375046,224.45414035656506,255.8159010443215,10.005644504932691,19.233314628020068,0.7022211798433161,233.8312614439672,7.04578603376296,0.7859108613254496,217.39320092271632,6007.372436480414,217.39320092271632,6007.372436480414,0.7859108613254496
EB12,61.0,151.58106394897464,154.1591864343506,0.7386629506545179,57.65576521866186,2847.0645170298803,50.70198855190013,167.02421832139052,12.568388133481806,10.914234253319712,13.235577027169615,-1.1833807928098625,116.86153591127791,10.451358910016449,1.0586779692511654,8.194330714564922,87.801204819279,112.87878787879029,0.9178031336761966,0.0010000000000000009,5e-324,702.0,9.994561364044069,329.0711111333141,90.63831514072535,104.30011535280278,55.15005767640139,334.0999013106068,344.02053340664844,10.571267755481166,0.9429013599109762,0.95,334.3261546753579,6.9539348098536555,0.9495912499834179,272.4109411553449,5925.112255931079,272.4109411553449,5925.112255931079,0.9495912499834179
EB12,62.0,77.79037842189128,75.84274078921874,0.8448089188498804,45.964790377407006,2326.2265653135846,91.02386059925368,155.2944751667944,11.309620960724036,7.296018055763575,8.033514744011802,-23.44569562333753,102.31912521791511,18.076086607634423,3.218132870373404,4.9999999816643435,109.1008771929848,156.79824561403842,0.9148874813410355,0.0,0.0,1254.0,14.862602704851467,96.25583716432175,7.293107491706905,22.695388655285456,14.347694327642728,101.18165771253088,94.02956460757284,11.147524995702808,3.384585649447584,0.95,100.8803948007104,9.902838850798105,1.4078048427251908,128.6908287068676,9313.481790473088,128.6908287068676,9313.481790473088,1.4078048427251908
EB12,63.0,109.78768794806506,107.26525265736437,0.7578320184820037,52.7389394117446,2656.5936283346077,76.96767019127807,180.64819541804178,11.317858232646012,3.275813552617475,10.69996418936477,-2.8674925582521973,113.99999996808198,10.0,1.471963179363688,7.542200784086284,132.0000000000028,173.8888888888926,0.9151785567971541,0.0010000000000000009,0.0,1544.0,20.387230621831662,123.84750700923261,-12.076653746257648,3.9497414454965565,4.974870722748278,135.0142117529148,116.20736398529017,11.510802249909837,15.867074258645948,0.5749366269524301,126.97265175667474,9.91716454402432,1.0577473001167048,265.65936283346076,8774.314399349045,265.65936283346076,8774.314399349045,1.0577473001167048
EB12,64.0,36.798590021071,39.991979317747116,0.7448406735232145,18.78585306468533,2668.0439022665355,19.201005654631143,325.51121460939993,8.943585595389548,7.815752561731344,10.298511118154098,-36.71421597793813,119.52203859048666,13.08883286098428,4.885177553417247,7.420751652163449,100.3112033195042,123.40425531915157,0.9332986397954018,0.0,0.0,1204.0,12.359421841849494,359.2453328023445,275.91316945209746,291.1933833297037,148.59669166485185,5.4467440728304375,178.95577298843173,8.38198506735018,0.27167319605382556,0.95,5.494187033768691,4.706453399848472,0.8684348147786041,203.8412386042111,2294.943338828976,203.8412386042111,2294.943338828976,0.8684348147786041
EB12,65.0,24.36644937138838,24.364203234770137,0.020179842925375557,59.44715220629115,950.6790465262552,10.0,20.0,12.230444818479553,11.829336357668584,18.841897468460772,-1.0,109.20000046108085,13.695451136790949,1.5543209811435628,59.863087536801146,96.33333333333539,162.00000000000347,0.8912343845848075,0.0,0.0,1708.0,16.108952352208853,297.54340305491303,42.63038480315163,58.959619926197206,32.4798099630986,309.97362406049706,299.46589986995104,18.244094272556005,6.448568185762759,0.6426227456313911,306.3574639811383,10.177865104223404,0.6491089784854179,69.4156794858978,1092.0000046108084,69.4156794858978,1092.0000046108084,0.6491089784854179
EB12,66.0,21.822229461488135,21.832502223186232,0.7045849128472924,32.188235271079776,2859.9029276681904,54.60221374181521,333.287660696765,8.861195319436806,7.517503867872519,10.391933544201672,-3.878044394949503,121.19999997563639,10.0,4.936419401112838,8.572994945124629,67.39130434782753,102.09163346613762,0.9243231142944663,0.0010000000000000009,1.0364954436790876e-254,728.0,8.016844182502137,196.89364828906375,13.044365247145791,26.81526839173584,16.40763419586792,206.47256575661967,174.30910462126235,22.076339337394252,38.96430983667528,0.9270717209316693,204.20264519551296,15.658353281619101,0.8526993828189978,285.99029276681904,6617.788304177697,285.99029276681904,6617.788304177697,0.8526993828189978
EB12,67.0,20.692936269596913,20.69260747171616,0.8900749072582075,5.0,2038.0094699013414,10.003458628117786,20.0,9.780964384079141,2.0,10.356536610360788,-14.80644731968968,104.59999999166443,32.93660181737231,4.563040946357667,3.2382065453815976,105.00000000000225,117.14285714285964,0.8994271450487205,0.0,4e-323,1232.0,11.92042727765307,154.7457199382516,91.66797187927341,107.0171543115539,56.50857715577695,154.25475072583032,177.2901627218724,7.854048973442154,1.0706673436658842,0.95,154.75579731346707,6.001309087105655,0.9444242561064441,61.876737655018175,1046.361772417736,61.876737655018175,1046.361772417736,0.9444242561064441
EB12,68.0,29.05623288829419,26.469016624850706,0.8641994460612806,54.52735730917164,2780.9481409620494,86.18671225880612,453.386586432075,11.809837536890283,10.471304171858707,9.957659116692128,-25.386284983803282,108.99999954551319,10.0,2.0939552443211498,7.160587844721555,112.5000000000024,161.21031746032088,0.8875641779349798,0.0010000000000000009,0.0,1410.0,14.729269754144463,320.1394861977882,128.98306431147125,144.7370992615879,75.36854963079395,331.20090124449825,313.4548480759929,5.254053605632823,27.24703234510574,0.5231018727734479,322.35013213856104,7.150156455353907,1.186005405336012,278.0948140962049,9394.351597039144,278.0948140962049,9394.351597039144,1.186005405336012
EB12,69.0,33.71716020653642,27.53920114485413,0.7624980477312101,56.85320852506904,2802.3890572118794,68.87752648202519,214.45756211857943,12.011654632127172,8.300469646626976,11.202817148903247,-20.627656185434397,109.59622949119863,10.0,3.186495832359785,5.5214702787650936,94.03409090909292,137.35465116279363,0.9077260750038622,0.0,0.0,934.0,12.299973977785248,222.8443609011974,14.83909444274127,29.35752375742777,17.678761878713885,239.6739017699072,205.62660545629882,12.884543173160388,17.01190272575163,0.6776129535370161,228.7807220940806,7.09219879535117,1.0721994720143326,280.23890572118796,7548.717199110143,280.23890572118796,7548.717199110143,1.0721994720143326
EB12,70.0,35.01005889636493,29.92670327660457,0.8943353594524525,28.657926621974852,2280.1371673232397,67.4217125994963,99.46849052066554,8.633225027491655,3.2291250645291,8.315604934532026,-22.25861244907279,112.99999396745682,10.0,4.920426004393663,7.992179702211854,103.5904255319171,176.19680851064206,0.8989170715099395,0.0,0.0,1032.0,15.362135551196998,287.32859865593474,20.086930713049924,34.904692551174435,20.452346275587217,287.95199459746334,308.3648662247186,10.045403093913672,2.8254442788529817,0.95,288.7491139041934,8.531091746317408,1.03819566892129,228.01371673232399,7618.653117018689,228.01371673232399,7618.653117018689,1.03819566892129
EB12,71.0,17.459904013793285,12.61254970271337,0.8684445768711744,22.82082654460647,2598.2849694717966,92.6033742451518,167.66766315176125,9.588837832841584,7.199187338749899,8.729404718541572,-27.76522519000906,110.4000037766266,10.88228016738857,4.357331336566782,8.329056422116516,79.67914438502844,94.25133689839772,0.9075005769886616,0.0010000000000000009,2.507854870306512e-265,850.0,10.707657764110047,223.4391802844066,5.780083189495713,20.015792237948858,13.007896118974429,235.6812144308262,200.39356686896585,10.270023228756935,33.2841380700556,0.853345375681907,230.5466958023223,7.664361720805402,1.0984526599476532,238.7629182033189,10223.412866393126,238.7629182033189,10223.412866393126,1.0984526599476532
EB12,72.0,34.09021605966176,30.35620225998245,0.870296996523326,40.65966674807014,2736.239985005151,69.14396857039755,338.8634634204415,8.96052219282501,2.679874036456464,9.76984794392613,-13.86456411212948,115.40000002134458,10.0,4.73008771036883,7.888931879317124,130.67567567567843,143.38235294117953,0.9055717608963052,0.0010000000000000009,0.0,1531.0,19.577193988382067,5.906494640961655,104.96265136109741,120.96368054807044,63.48184027403522,15.456028298846931,23.762736851374527,5.67191729365512,0.20629545594390844,0.95,15.502636424755492,4.11438372264867,0.9171608651694242,273.6239985005151,7979.213974499726,273.6239985005151,7979.213974499726,0.9171608651694242
EB12,73.0,71.20803404319233,49.652819395676,0.862364586277739,24.094384988905833,2414.273665822699,103.08063359426075,158.87208829544264,9.409824558641812,3.132836150573163,6.1922129767284755,-19.441833831765514,117.99998864691233,10.0,4.93312715825407,7.875499827211776,106.36792452830416,126.76886792453101,0.87984107371489,0.0010000000000000009,0.0,1286.0,17.674973996072474,203.82099724631777,-5.797883071393244,9.679992642999423,7.8399963214997115,213.63194358822318,217.46412386639713,5.996904784776928,56.304235465369786,0.8753744583923319,214.14492925265412,6.6928510462309925,1.5196222407087319,241.4273665822699,12163.513593839298,241.4273665822699,12163.513593839298,1.5196222407087319
EB12,75.0,18.75423120479519,18.76588363768989,0.45694844427675596,27.05593776013204,1111.2483059385168,54.126742584651055,165.04194728936602,8.782854798088936,4.863276159985604,20.0,-18.416351888757923,106.61272041895087,10.0,1.4607588281308814,0.08701235573930315,8.544303797468539,11.603375527426408,0.9024716153489161,0.0,7.956848395540979e-27,170.0,1.1172235653732199,49.045659955638655,99.55613902425533,108.96353433540611,57.481767167703055,54.40491963053035,292.76751465480004,26.01416154458278,2.0,0.9438703038473953,53.56378676416203,9.267191693003737,0.4391427399044468,111.12483059385167,5770.599274365925,111.12483059385167,5770.599274365925,0.4391427399044468
EB12,76.0,9.292490821405403,9.293642885536869,0.8794104540831116,6.830398386568369,2887.4287809850093,51.79365556137222,25.69352771598785,11.812726566413446,2.19418873877024,11.14943798998067,-28.70204892414986,102.44687232283061,13.681104642849553,4.889996095071735,14.532929491530025,27.38636363636422,50.00000000000106,0.9409719524269685,0.0,7.397989555961789e-100,273.0,1.4840460160811881,337.1221039996618,90.16098528833324,100.98940067388813,53.494700336944064,340.2616585912234,27.6258906841926,18.58290861273158,0.9520941597704895,0.95,340.97571616792334,9.769504750154821,1.0594907633038393,211.0523131254703,5306.098018428565,211.0523131254703,5306.098018428565,1.0594907633038393
EB12,77.0,52.69211268086489,52.469135850390195,0.8183490145510672,5.0,1560.0040135003123,96.31450566821991,31.177579118238587,11.848031861082033,19.98419857152354,1.3708748706711456,-28.178585935728798,131.60001742953702,39.97154716264957,4.830635309857231,7.316343421383959,24.24568965517293,29.09482758620751,0.915557081257022,0.0,1.2455249039229502e-87,276.0,3.426524878060408,297.5068918766212,-7.847998040566608,3.013204556584867,4.5066022782924335,302.7771140114207,277.5224958462915,11.106512718324971,288.9114565545406,0.9222891073080867,300.78157808468706,10.366369638714183,8.642679295216446,39.027861672515385,12674.990624654982,39.027861672515385,12674.990624654982,8.642679295216446
EB12,78.0,8.690965517573822,53.68445504000003,0.7128176163489526,8.138797819957563,2133.5458056437324,33.365389745202435,234.12537818995688,15.789250975572097,3.401445987877774,9.734496884840041,-20.721903248661395,102.00164815802407,50.0,4.19998551875401,6.738131668736978,50.786163522013666,71.70050761421471,0.9372600657850496,0.0010000000000000009,2.386962505582152e-175,451.0,5.551261157911839,338.9711494929227,154.70300667482059,167.03740869332864,86.51870434666432,339.8962374838349,354.7720711060481,14.416305190607465,0.2594374113697015,0.95,339.99004199462325,7.044708252868205,1.621989421986604,42.67091611287465,3403.324745445483,42.67091611287465,3403.324745445483,1.621989421986604
EB12,79.0,48.51852186139819,48.50565977687625,0.7021799440676448,21.715780208172102,2543.5969257457377,40.94071177524767,362.6734454156868,13.687578599974476,3.7848482721733347,11.231101625982276,-3.6426891831487676,103.78058294190072,10.811081451510173,4.5829612433375715,3.804946236156948,113.2812500000024,134.11458333333618,0.9148045922013573,0.0010000000000000009,0.0,1067.0,13.382780638289653,158.20145960039744,1.691675205331535,16.60949395923683,11.304746979618415,162.0815234071056,188.0476635216829,10.898000906247967,4.348463237626813,0.95,163.2283827333755,9.365561014640658,1.218720928346809,235.2768256491518,4248.8509340915425,235.2768256491518,4248.8509340915425,1.218720928346809
EB12,80.0,19.848391762061375,19.43614542273743,0.5747368574469425,48.21957412279764,1607.8223079624688,38.27189890809359,138.74996194165234,12.462812125775779,11.64402883714209,12.422990022690872,-11.520203070411025,108.16155337194763,37.717880172206655,4.895615061474599,6.979076294564358,47.46666666666768,75.33333333333493,0.9319992655954201,0.0,1.6801104890345005e-166,761.0,7.996852539720503,47.978591591289046,-1.8902242646690581,12.013675808915991,9.006837904457996,50.45342657311575,67.75973426971001,25.838036658651294,10.79679699035658,0.95,51.2788161221688,22.021899353714154,1.003205516788806,42.62758937198258,4139.548036393549,42.62758937198258,4139.548036393549,1.003205516788806
EB12,81.0,2.804610225168146,47.831516112312734,0.2559770705566944,5.074650460118878,246.33242290048997,35.25985191844612,197.32833023145156,11.495157813871042,17.418670134444646,19.944016371216158,-26.80905113208948,109.20165222601564,13.420600371398045,1.1075822460269913,0.06650914165101796,13.120567375886804,21.551724137931494,0.9181688018902469,0.0,2.4230815272725364e-37,150.0,1.5120217827906115,57.94650601555525,100.35691723576231,109.38882311805108,57.69441155902554,61.437769779054605,43.67371142625647,39.437304652474985,2.0,0.95,61.00007197276846,14.156865812921394,0.5763712584222114,18.35479904650712,3850.4340867389633,18.35479904650712,3850.4340867389633,0.5763712584222114
EB12,82.0,80.21455638043285,79.96317406636999,0.6777701371112772,21.550019260450657,1842.3372500095313,66.47418815540533,130.84952176588303,9.988983006438389,5.5666397077733665,6.980883402800448,-30.009282494489995,103.90862074298651,39.81218729373274,4.951819456531905,12.999999880531146,34.03508771929897,69.78798586572587,0.9089089514020686,0.0010000000000000009,1.5402841383195035e-123,447.0,4.298868907002483,205.70143606607888,67.60270860265453,79.91038438649525,42.955192193247626,209.32829655451667,213.29211356809543,53.40457916058205,5.658382631848392,0.5605249107223884,210.98448908097674,10.964783675188636,1.4309052923633152,46.27571041040373,6907.241206237939,46.27571041040373,6907.241206237939,1.4309052923633152
EB12,83.0,20.58057597333777,65.34527447187111,0.6552985820596248,6.537482351026439,2982.1219880382487,44.314251212598066,224.8031540224979,20.32404488713682,2.0123963167254257,15.5853532773608,-30.436179637768,102.55277367411809,10.879467504904675,1.9474632608583207,5.986803410117423,59.64285714285841,92.76729559748625,0.9129715373758214,0.0,1.03435236769975e-230,836.0,8.326547263713305,196.59907321456225,103.29214072067188,117.47802655992598,61.73901327996299,201.0222334244731,212.31366200849905,8.67306750224979,85.64866627821205,0.594893662719744,205.74534020860943,12.07912755220057,1.3040477508238084,274.10550991524633,4544.549375143582,274.10550991524633,4544.549375143582,1.3040477508238084
EB12,84.0,22.326366766294672,19.66132735273004,0.787110537828305,19.221739526573547,2407.961467620732,59.4774712938204,302.25731639726246,13.10871055999017,2.537328475148434,11.093559196457345,-39.643222198662954,103.60000000629854,10.0,3.4268514948893425,4.658376583195187,94.40559440559642,128.99709302325854,0.8985731814057689,0.0,0.0,1398.0,14.863548794542803,136.3092689296265,113.01863867376869,128.74703244215004,67.37351622107502,132.19328998043048,150.69797071787016,20.455237618259844,6.128922053382909,0.6651485042071091,138.10185686072498,9.211577120066373,1.181650571096817,240.7961467620732,6161.866026414415,240.7961467620732,6161.866026414415,1.181650571096817
EB12,85.0,20.758196956662733,20.420765308701668,0.7996864945398531,24.616903397532596,2967.9249368542473,43.39365127171978,51.276250335274725,11.140791789372832,5.498484511886808,9.658068587534956,-36.06678437103242,117.80000783068692,21.016699282683224,4.667076770196676,8.031724656904885,69.21875000000148,104.79041916167887,0.824795979691741,0.0010000000000000009,5.130462924047751e-181,643.0,6.962204864231591,255.7321164371044,266.5382965265644,279.93673069927706,142.96836534963853,261.5740274348425,57.43594120687049,6.7927544193088645,3.0627637290366936,0.9297347178238677,263.23896973622595,2.942018350647124,1.1535217096875385,141.21746221585227,5111.772459610688,141.21746221585227,5111.772459610688,1.1535217096875385
EB12,86.0,35.3179157434318,32.56510256044859,0.608205371338162,56.277983941427955,2812.778861873495,19.247499726114828,405.6758124845445,9.259408224660156,8.895307989062049,10.128886575375665,-14.417289172948458,127.62408638639147,15.351475347279207,4.953467969016563,2.898602786447205,59.22897196261809,95.79439252336653,0.9162513660763001,0.0010000000000000009,1.929338738077111e-223,593.0,9.984785409618667,38.50163175585549,-1.9575631291777995,11.198020067815378,8.599010033907682,41.00277222056844,69.29605501199042,19.42966917474022,54.19366520156115,0.8797912198455874,44.36197802559569,13.912557754386313,0.91415854603118,183.22531211125667,2456.444567767725,183.22531211125667,2456.444567767725,0.91415854603118
EB12,87.0,120.37290593210675,120.58883924706038,0.4897921874446426,60.0,1277.5559027906022,33.58924023795703,500.0,13.852674423930036,19.999999999877247,14.022256223514427,-15.688307564756993,113.99999589302976,10.0,1.6789794695764617,7.399999997086433,103.52941176470809,128.676470588238,0.8585499164992602,0.0010000000000000009,0.0,1116.0,15.304065450935113,217.24050876311594,33.030052881071015,48.082571309894774,27.041285654947387,210.3769060710043,232.50282607679335,8.875575171202062,3.199189930961268,0.6346173028770631,217.75171369650678,4.615467211699043,0.9879062401313126,127.75559027906021,3829.1732491770913,127.75559027906021,3829.1732491770913,0.9879062401313126
EB12,88.0,111.14478254650302,201.92707257901728,0.8316595184595256,59.43537716140077,2051.84730913147,111.65587984770167,325.8666028353322,8.508757643327971,2.0006600466504008,8.40301982543232,-18.737264029159242,114.62524872019246,10.937561903227225,4.370927469792654,6.999990871068807,119.50549450549704,168.95604395604755,0.9059210159145649,0.0010000000000000009,0.0,1055.0,18.48179499397371,41.220038622693565,5.406635732475365,20.290523870205902,13.145261935102951,50.29981161812892,39.588407357396456,11.565041775715207,3.172188443605593,0.95,49.85440898569409,10.012301855220072,1.0125833117251049,187.59640651963343,12798.58299861473,187.59640651963343,12798.58299861473,1.0125833117251049
EB13,90.0,160.36041124194583,160.35829186637855,0.6070546219426898,60.0,1619.1200470507413,47.878591907851074,296.19566253677584,10.753803392108301,11.617440681429478,10.54215982591755,-1.0,116.22174529495895,10.0,3.9709250193591554,4.999999998072639,77.0325203252049,150.40650406504386,0.9125695203865527,0.0020000000000000018,2.89630043377484e-255,405.0,8.222462060950981,144.20652355115433,245.5387556314997,257.5504168328193,131.77520841640964,148.07880781987438,264.85138003647995,21.580507368664875,1.600107689407817,0.95,149.04122363497632,8.733072865262024,1.020075920844079,161.91200470507414,5564.53351379555,161.91200470507414,5564.53351379555,1.020075920844079
EB13,92.0,59.055620966088895,57.86461283870879,0.7530239436463971,58.99906743727257,2488.793534915924,41.33554564931083,491.233336951642,11.586172757865867,13.509211719160028,12.731607274276566,-14.480656485670517,116.99999998610122,10.0,4.173332054380665,4.817698130777906,110.46798029556885,171.18226600985585,0.9247666801904194,0.0,0.0,1072.0,15.80009810210165,81.60129381822131,3.590128236238172,18.52197226113043,12.260986130565215,84.41232726517805,120.91255064261811,14.286053238736116,15.783219014227853,0.9492772648502249,86.16381121101713,11.46181757370596,0.9100322141788822,248.87935349159238,4836.258840394853,248.87935349159238,4836.258840394853,0.9100322141788822
EB13,93.0,66.7941081385539,65.91884761792758,0.7839198753037705,59.341226437214424,2892.0130985830992,83.16348810675572,216.3482751908212,12.33972901711424,14.629894912376564,12.646956281459415,-17.29793748647518,114.13873288561811,10.093365971238395,2.8986838226753466,7.000111962406439,116.66666666666913,176.69172932331202,0.9248680027331961,0.0010000000000000009,0.0,741.0,14.753127025817376,344.28423040340857,179.2786864619303,193.10268833781856,99.55134416890928,349.0524563992049,313.79134191596034,9.060453780798866,0.6317209781093978,0.8919990335483288,347.8128762294416,4.094021917097512,0.9757074146926898,286.5261308094892,9492.17515485327,286.5261308094892,9492.17515485327,0.9757074146926898
EB13,94.0,34.43170614033799,34.33817322081836,0.7251003984872407,49.83289560060158,1847.707913570583,41.72648478917526,191.15505966709682,11.850767431287384,13.041839410538918,19.310775095745683,-24.062305605310925,117.59999935036589,10.522971696543875,2.6366586815720874,7.870467086901615,37.225274725275526,59.06593406593533,0.9333839685297112,0.0,2.2302875946047444e-126,278.0,3.5236903533019266,319.68636862075783,38.63736844741073,49.52023178848264,27.76011589424132,322.11071377792376,309.5448030362205,28.087640319988957,2.0,0.95,321.47924564538187,19.286984249822282,0.613686782251335,175.58803414604233,4907.034584100063,175.58803414604233,4907.034584100063,0.613686782251335
EB13,95.0,51.51265597594347,96.53987807925279,0.7895604049210362,60.0,2952.4095166565608,39.65448939325243,478.83232444192333,12.119008238293741,20.0,13.88265218231959,-7.417750839309673,116.600000102622,22.037833677152296,4.458293443922402,4.36370314143594,99.11971830986127,212.14788732394817,0.9275533693480174,0.0,0.0,632.0,12.257754193238064,198.98956776634,140.84074323689333,154.1874114193339,80.09370570966695,205.20089041179193,201.4604031704,11.208313198813082,489.6705524070769,0.671844228943295,203.93559388445848,16.134181472887374,0.8729605898884395,133.97004260529783,4623.7134673226565,133.97004260529783,4623.7134673226565,0.8729605898884395
EB13,97.0,26.11562151083387,25.608087402863035,0.7287440222933868,18.720015521080477,2003.5777879373281,48.752598974270356,443.6556011602444,14.892666937755008,3.069218475557899,13.467000759228101,-27.89576870974929,105.01415418442015,30.637513626014535,2.2321835885750563,6.237738279966454,40.094339622642366,64.65517241379449,0.9242955655743075,0.0010000000000000009,6.838126021168181e-144,321.0,4.867471341056589,348.9561373321353,46.973383806341474,58.2877071757315,32.14385358786575,355.80584088724913,207.27945012964355,7.5516259702499315,0.3881536032590557,0.95,355.5429044902936,4.703895644882981,1.1058636740292738,65.39622674328493,5119.712945575231,65.39622674328493,5119.712945575231,1.1058636740292738
EB13,98.0,29.9529470076419,74.9108167794833,0.6601262785079676,57.12211374927444,2516.200170412361,24.5835230110844,483.82639636323756,10.437444640700743,13.402216614650625,11.563258394595644,-20.253191633484303,118.1153468076887,10.52954132310595,4.462610318097169,8.536380993301554,57.86516853932708,77.77777777777943,0.9039962846217868,0.0010000000000000009,1.3528178440775967e-211,355.0,8.124782004088482,320.69725459575335,-inf,-inf,-inf,320.0029574185228,320.0029574185228,9.574614948898466,9.574614948898466,0.5,320.0029574185228,9.574614948898466,0.9026387100005414,238.96579093059157,2903.6913462090292,238.96579093059157,2903.6913462090292,0.9026387100005414
EB18,102.0,18.882286552627722,18.86740013492728,0.5519341350689636,59.99999105426964,1417.0744822740369,25.66722903307114,500.0,12.297170592992344,20.0,17.240888884370907,-32.89604540470121,113.75518812725964,11.312955943897506,1.7428827590491056,7.073586552818336,5.243288590604139,7.352941176470745,0.7430072247539558,0.0020000000000000018,2.8047464637108467e-21,268.0,2.1391972454802275,65.56823094971531,34.71757081891985,45.49053176045237,25.745265880226185,56.17710113442274,121.01944455892202,3.9672166741048946,43.714016819198946,0.8062327110746474,68.74757263445888,2.8211601116101543,0.7132561827563247,125.26120399491546,2919.7804673624682,125.26120399491546,2919.7804673624682,0.7132561827563247
EB18,103.0,35.21125675322796,35.21005914321689,0.8268159882099564,11.190986537820466,2745.876427303933,15.833941829749252,129.87799270597856,9.904923096998534,3.037551490038928,6.393755977882532,-19.568497558088076,115.91545454524899,42.5514524550587,4.308566946021182,6.767689276040636,40.64960629921347,51.181102362205806,0.7911398913315087,0.0010000000000000009,3.280495829323137e-138,825.0,9.32294828464532,322.4270994699508,22.471132953214692,36.61728311221873,21.308641556109365,312.94119974491184,359.85072609033557,5.166841933521349,2.223549358029829,0.5872373974450666,329.68844770814496,2.5019961586790735,1.5491556342253183,64.53073323887187,1835.398564438416,64.53073323887187,1835.398564438416,1.5491556342253183
EB18,104.0,45.90555540782896,83.85804783405028,0.8312057457122839,10.15479422935035,1716.3470897770956,86.96027979582489,165.40625071789813,8.483454397510625,2.153957089529672,4.677791674643629,-9.257158809980837,103.8012064631775,25.60619857307203,3.505708779582905,5.193818640422119,33.916382252560446,43.262879788640284,0.44124190749746944,0.0010000000000000009,2.1733997059663786e-45,2226.0,12.71019208948706,160.70190660690508,477.8891330682118,495.01301766371853,250.50650883185926,140.60158141447164,251.85265732919453,3.6920525073619794,2.3117804387005703,0.6828369481922774,164.4944335843159,1.2949806871091867,1.81355968533099,67.02857844670622,9026.581957182101,67.02857844670622,9026.581957182101,1.81355968533099
EB18,105.0,80.22301558410551,80.21633703226901,0.8695524460317522,39.574464942798386,2691.628519905564,40.88954731909646,246.98958234358543,11.849072506925092,14.808917934665251,5.095215107505256,-1.5599756083579206,111.39999999998513,10.0,4.726891422156419,8.367383853422497,79.34782608695821,125.66137566137833,0.6864716353130524,0.006000000000000005,2.2811254228518214e-209,1200.0,16.410848883980222,322.31367352468794,81.64064964807585,96.91088015540436,51.45544007770218,324.83259024352066,332.83351094120314,1.5607624332130647,50.82194987894959,0.8093064020239453,327.03733241460804,1.9065223610571218,2.325529395112563,269.1628519905564,4555.095571346737,269.1628519905564,4555.095571346737,2.325529395112563
EB18,109.0,34.178457743774224,34.17953536244059,0.7965980545836523,5.0,2978.693919012297,41.950051639946366,383.60174094573665,15.78130885482024,2.0,9.986764928147885,-40.0,102.19350070102648,46.910260361175446,2.108576421907995,2.9378811927351998,20.955882352941625,28.054862842893364,0.6642080312711922,0.0,1.7651384329599628e-43,615.0,4.732193256924699,332.42400469729824,172.92882332195654,186.19369012537618,96.09684506268809,344.97272664978277,207.15421190977824,3.2343109970849824,12.348596588500909,0.8870293953306223,338.62112125268203,1.768466719402627,1.5802223210782027,63.49770596194702,4287.022631674956,63.49770596194702,4287.022631674956,1.5802223210782027
EB18,110.0,27.10401300002202,26.542616226496722,0.8526302560529528,45.050577664178384,2761.28274924441,90.1435644124341,374.06315712696437,10.811792976186878,2.463517199729421,16.504807115195565,-16.526594540250898,114.5999999703348,10.0,4.987564698051614,6.605348358062777,38.416422287390844,44.28807947019961,0.8460851815075482,0.0,4.428334866439614e-129,805.0,6.822151840591143,139.65188970173233,-12.271315315605307,1.8012115166502554,3.9006057583251277,140.67714786794167,143.05679379037477,6.88778626995728,3.121190306961011,0.6103476097980144,141.53718018612142,4.583147809319116,0.6550693322694289,276.128274924441,10330.452478990823,276.128274924441,10330.452478990823,0.6550693322694289
EB18,111.0,76.23768724675162,66.43758004440814,0.8914277967083153,59.963681652930944,2952.316973784237,109.57960211654083,289.5280224124081,8.487904290473377,2.450594134257594,10.331322870492698,-23.0911007180225,113.76473342316254,10.0,4.757969474778674,7.584282078525694,110.73619631902078,122.81976744186308,0.7642858276762275,0.0050000000000000044,0.0,1613.0,22.97002248299535,279.87160358839526,72.48472135782004,88.64227459219592,47.32113729609796,269.0377022856512,318.17576509728343,3.4442733261920515,12.621965820485606,0.7384369454637729,282.6467911646472,2.945769487924362,0.8215699380294937,295.2316973784237,12466.294223404484,295.2316973784237,12466.294223404484,0.8215699380294937
EB18,112.0,129.4482424384808,109.15861343410234,0.7937166103254467,35.11895705951415,2384.2992395541623,78.88634891642882,280.55667355043477,9.767129987827303,3.3808821259649333,6.186841229208293,-1.316559840087213,113.51966972544642,13.016960297099304,4.968071817801178,6.999998359149364,92.85714285714482,108.44370860927381,0.7297338347280964,0.0010000000000000009,1.3205035742551616e-267,2577.0,20.593679746143938,25.56192941755778,93.36727540536776,110.93041903732501,58.465209518662505,41.8822937328173,323.9968118959018,2.104881947788951,130.19180492568972,0.9478538852159357,37.66606077473625,1.9509380514334698,1.5786941390569946,183.16866496746394,8955.152274839327,183.16866496746394,8955.152274839327,1.5786941390569946
EB18,113.0,27.453614019471093,25.58683901234698,0.7182375041953811,28.158568262388453,2499.7153916585644,80.15156389316567,254.2233919296559,11.010145602856998,5.665819900848846,9.607078099303203,-24.371323643227196,104.069100136522,31.143758960891788,4.7226581848989895,6.995121515459182,31.60660660660728,42.04545454545544,0.5626248060353578,0.010000000000000009,7.234343700603659e-48,862.0,7.443465069424559,6.207469586347974,393.5758999821128,407.85366579410356,206.92683289705178,41.1281046513625,288.28552943925325,6.309934543897071,2.935147038238195,0.6726126405140567,15.829027789898095,1.3884317395362116,1.146045185544558,80.26376632305487,8341.301128896699,80.26376632305487,8341.301128896699,1.146045185544558
EB18,114.0,83.43668527366178,71.90141084411518,0.782286483090587,50.409490960888384,2921.1452529968024,37.199902588581004,116.69087001067751,9.562905262599847,9.60249450867136,7.385880784494963,-18.77161251030597,119.39999999597593,10.0,4.443284061515283,8.229137912532417,63.66120218579371,73.08743169399064,0.6909793514328535,0.0010000000000000009,4.985142190292302e-213,1363.0,17.459236589436124,205.1188955977712,159.9697275219878,175.6220578170778,90.8110289085389,244.01278908442032,169.62160363995795,3.8244324777115475,4.62195951624401,0.589037170656554,213.8781679563101,1.9894145540435315,1.2947548899888919,292.1145252996802,4441.668368926877,292.1145252996802,4441.668368926877,1.2947548899888919
EB18,118.0,33.10870563974753,26.475243973075777,0.7965721458317236,10.595227338280802,2671.622194378782,79.24191235026302,255.23656811558013,8.879618575739556,7.585075779173337,6.569065466507728,-24.16142354174267,113.46900740362209,10.422364430699732,4.908668447344347,8.14467137902941,48.030821917809234,62.50000000000133,0.5207747511373044,0.0,2.520249967373235e-94,2094.0,16.022016423561514,41.752705362885536,97.63822723684007,114.57872141113148,60.28936070556574,19.49951701987517,97.90939028383049,1.912296187863296,4.4000597862250945,0.7170398952033394,43.74204952462327,1.4797370273790986,1.3517323919227393,256.33551888757125,8991.501139149168,256.33551888757125,8991.501139149168,1.3517323919227393
EB18,119.0,78.95776385027057,64.56215258137411,0.8183428694271908,16.305194334229896,2894.7495388316465,74.4839616515671,158.62456382202797,9.815880028769525,7.928638935976946,5.469265937945166,-23.5542204254791,107.19999373864283,10.0,4.593307951474815,8.586114188770088,35.57401812688897,42.02279202279291,0.45285283026564593,0.0050000000000000044,1.5191335511761743e-40,1131.0,8.710900687105987,31.503036436654938,475.4358532892734,490.52842571762176,248.26421285881088,83.19302382454036,330.08201522888254,7.697007967608141,2.0873922418971933,0.5421005529967298,44.7023539062159,1.0984430645889351,1.7947344561667826,289.47495388316463,7984.680222677306,289.47495388316463,7984.680222677306,1.7947344561667826
EB18,120.0,32.11477310788452,36.61845566388976,0.8920364424276953,5.2530689279428495,2962.8989378639894,44.792675964022195,69.15817879253898,8.082234328730168,2.3325200829600896,4.251048269819468,-28.04985029348473,122.52921253275045,39.64881297836417,4.660424517101951,7.81688897863317,16.266025641025987,21.30325814536386,0.627573535944197,0.0,2.1445616905602394e-31,373.0,3.5664661158946593,31.964874444017628,153.19211136757554,164.95684662650694,85.47842331325347,70.49307816441573,343.52041053328884,10.652682071893548,2.8495256001883993,0.638129391576687,45.616937121464694,1.9249923529693305,1.9012332525392381,74.72856600980221,5488.411313106298,74.72856600980221,5488.411313106298,1.9012332525392381
EB18,121.0,98.26630569854885,94.5755755854457,0.788524430730994,33.70260334655268,2788.925768922032,95.76126568883903,359.56729150481425,9.205776990069573,8.705386208406516,7.0381286312121185,-3.0237455339503514,115.7864614862942,10.083330793791722,4.86968575873933,7.235235968629739,74.32432432432593,80.59845559845732,0.4346648034918962,0.007000000000000006,6.888730406710708e-121,2938.0,28.1358765560921,136.91718692903686,263.4689076343984,281.42536070459937,143.71268035229969,90.70762658361795,194.222804655151,2.4501251456056914,1.9134410633600125,0.5473717565363972,131.93130050938052,1.0260958903102377,1.3079864652152768,276.5877492226245,11087.858101559546,276.5877492226245,11087.858101559546,1.3079864652152768
EB18,145.0,50.67778281147854,95.55543440580053,0.5765428673725976,53.88450249314322,2152.055544478602,49.79804965798756,159.26111258356525,8.408531819116142,2.0,9.504210656875246,-36.86095078402881,110.6609473106492,13.97791962618683,4.730942319966994,2.8673779045053056,69.02985074627013,86.75373134328542,0.7241923140967842,0.026000000000000023,7.669360974567579e-250,954.0,16.54236197184955,178.26022693780482,39.19133730231715,53.77332831666217,29.886664158331087,158.77120430917032,221.1128538505404,3.2684698040773483,4.925999370673377,0.6294567957822979,182.20936255005867,2.252184559235437,0.8847164822713076,153.9610758990808,5510.6993493756545,153.9610758990808,5510.6993493756545,0.8847164822713076
EB18,146.0,19.62468883463527,79.6629041602468,0.7278557144617304,14.36324457621507,2511.33532670976,24.74821659063548,331.8822518139915,12.882270035701726,3.6836107232933073,9.313525642866201,-27.841066992181716,114.03425149686613,36.639668117719495,4.97089550917987,6.99967941004132,60.8593750000013,72.79411764706036,0.46807596976835153,0.04800000000000004,1.212073065314417e-85,1860.0,20.440467906487278,276.1321394470805,223.74904279077873,240.33403809090032,123.16701904545016,291.07700763185045,195.71914373738915,4.578403759591444,0.32949714797722196,0.5704890968686728,283.1199598477543,1.1575377385721115,1.383178672575948,68.54143216147857,2822.1443547954414,68.54143216147857,2822.1443547954414,1.383178672575948
EB18,148.0,36.902746593463185,35.03150301028204,0.7978944969235404,58.37684455478385,2190.5625229467782,94.3478785258608,500.0,12.002630679474796,12.362426306015829,14.730463464505174,-33.46659142921647,114.400000015271,31.39279351306394,4.585120408527644,6.600017902750868,71.63265306122602,96.93877551020614,0.6434052039888675,0.0010000000000000009,2.0190234246469797e-208,1892.0,23.68289554190771,164.9532949075955,99.27680418739783,115.91297343623319,60.956486718116594,165.91719466927833,288.6903921927831,2.509861807961569,5.312744853506325,0.9268761749994836,170.60534103460714,1.8743003808821257,0.8148169070441389,69.77915240436273,10793.397304799264,69.77915240436273,10793.397304799264,0.8148169070441389
EB20,150.0,48.58635662512406,46.69730930743452,0.8331807288740196,28.702538635735753,2724.3497551059177,10.0,20.0,9.660294910475729,11.26965443790911,6.2743434316395845,-23.09768750167815,113.43541041843174,50.0,4.346683541472673,12.64711905819142,23.705179282869025,34.56591639871456,0.6197109196852346,0.0010000000000000009,2.4637326723290014e-52,460.0,6.057464798228482,295.5111075893186,83.62708869291691,96.02076816136628,51.01038408068314,301.9841659666014,156.13851717195345,3.316813996099888,17.21495711359576,0.9360206131336382,299.24051619540904,2.1947216468454256,1.5396503260822212,54.48699510211836,1134.3541041843175,54.48699510211836,1134.3541041843175,1.5396503260822212
EB20,151.0,19.24712995983955,13.943289923482201,0.8541008258725273,22.451150049928675,2562.0941451618633,66.3230905690513,176.55216152638008,10.082474002462083,8.075791532626226,6.580060245556707,-25.02813967027224,114.00000000239947,14.433069757002526,4.8841367959792885,8.415368935753522,32.84023668639123,40.354330708662275,0.5649815920582051,0.007000000000000006,9.08622048449152e-63,660.0,6.8020648595435445,154.5460274641215,255.24910406708295,268.72582357214446,137.36291178607223,153.85484289352615,286.7944163016078,2.308495251244102,80.29801906221438,0.8710812608093361,163.35874736795657,1.384960404389013,1.5322768525212878,177.51553815630982,7560.832325030989,177.51553815630982,7560.832325030989,1.5322768525212878
EB20,152.0,75.03210032999843,73.23717470337444,0.7865748805627351,30.0813434652701,2607.4232157862193,57.89035135854567,148.2576723165214,11.67227537593018,15.833428276899102,7.261215401506503,-22.760598783269838,118.20000023629994,10.616755042030295,4.6420825927766085,8.322093724747862,47.48603351955409,55.66801619433317,0.7316362997902143,0.0030000000000000027,2.1685700453382214e-142,803.0,9.588966502862121,49.41144242884882,36.45317629868032,50.518240440520685,28.259120220260343,64.90859538920837,39.80219871758283,1.9257162528621947,20.578040990518765,0.7458549866954476,56.780903254730646,2.313497877315252,1.6074823194899994,245.5951187970132,6842.639544259585,245.5951187970132,6842.639544259585,1.6074823194899994
EB20,153.0,67.3414978667842,66.2858760222133,0.7562213971850025,50.64822610513714,2513.500464294558,28.177888293511323,474.22865303338057,8.358760613198672,4.882950958282451,7.57201633245152,-7.611513079369849,105.20000000014674,11.67552083695553,4.9516174148125085,8.270475805772104,70.45454545454696,112.05357142857379,0.4619241688655312,0.006000000000000005,1.6431598600237756e-106,1531.0,22.390569928484727,266.1549680861466,663.8243431848468,679.8253723718199,342.91268618590993,296.0120364423584,180.15195252511566,7.885564876799122,1.1245141181740932,0.6535929542073295,280.0841247987396,1.3479634666305365,1.1039015562308534,215.2795150978438,2964.3138484815263,215.2795150978438,2964.3138484815263,1.1039015562308534
EB20,154.0,60.64468882610627,185.62286420789002,0.6586219152495308,60.0,2809.0233258514218,57.92979647645523,340.588999089216,8.007241099129581,5.147648061496203,8.571904296666666,-13.53600488931836,118.69493164342167,10.0,3.8479454606247883,8.503061001730677,69.70338983050998,116.10878661088114,0.7741699667221573,0.0020000000000000018,2.3867282450846204e-210,1261.0,14.033664769692093,355.8538098054432,96.93709253403222,112.35607354192689,59.178036770963445,4.628505711174627,17.45085760524448,2.03187747258712,136.45348696082607,0.8449473701701897,7.261391470151367,2.332630052635217,0.9341262830294706,280.9023325851422,6875.973232890183,280.9023325851422,6875.973232890183,0.9341262830294706
EB20,155.0,61.309054446287774,341.9652388377613,0.8369548625030909,6.505703394813708,2818.795230917266,73.7834478494803,52.31265885164784,10.21136112510078,3.530336134293373,3.8394437612483427,-30.880565192270268,131.20675614834863,41.4625835422215,4.918426450437692,6.998623445231713,63.61111111111247,93.05555555555753,0.5886024919387449,0.006000000000000005,2.1454528544619102e-170,1246.0,18.403530642026222,81.66012229119599,56.59627584656255,71.97935694460466,38.98967847230233,95.63880705161036,4.6797776446907795,2.063760718321172,7.179143552847401,0.8540739408031759,82.99646710560323,1.5861587683456748,2.659593878718696,67.9840711818374,9680.88684977116,67.9840711818374,9680.88684977116,2.659593878718696
EB20,156.0,69.15781127548145,69.15360202268045,0.7226289294476935,42.20929688972319,2702.245649570584,66.25862785932678,180.91845149233316,10.444405003997495,6.573930119036612,6.627842296585553,-24.322943429504683,117.79999999759958,11.971689293338667,4.954235259191023,8.410937424745638,57.512953367876875,82.25388601036445,0.8138100226794588,0.0010000000000000009,1.4760557724576347e-195,978.0,10.517237300274655,357.39572424993725,40.51686252187665,55.173391531981224,30.586695765990612,8.23039721795615,320.518437907424,2.761138842852053,68.96382303027836,0.8832853870907272,1.9351069572144963,2.6561783499492653,1.5758378876000279,225.71966105687173,7805.266361669646,225.71966105687173,7805.266361669646,1.5758378876000279
EB20,157.0,29.811205054431703,28.733347226334388,0.9332027744389608,7.270173676771383,2486.948642993314,48.24998536526754,35.17079328771309,9.900971135536505,10.511298967624525,3.3504489536536695,-37.5589313248002,118.99999999497143,17.889198269713578,4.354799330307015,8.171893762530825,26.18181818181874,41.36363636363725,0.84815512704196,0.0010000000000000009,7.975553624486995e-99,469.0,5.180436022609235,280.74774666146453,32.34307677302763,44.79488507836652,25.39744253918326,286.689137272091,244.63414361996635,5.923741227510466,321.5142314446457,0.8982393438707287,282.3358521418946,5.128278513872148,2.9551177386957295,139.01956954682086,5741.748258224209,139.01956954682086,5741.748258224209,2.9551177386957295
EB20,161.0,94.0551103885844,91.44069291944055,0.8222934250440916,40.46802573292018,2702.749996689569,96.94664256491576,162.21085842796342,8.039330035996453,2.896098267377226,6.28683377839899,-8.271562804434854,112.12430045652668,11.22320465852895,4.381342074354,8.070914829466,58.992805755396944,95.34671532846917,0.6841185862787079,0.0020000000000000018,1.852865712636943e-154,1405.0,12.758748324108895,13.740141234538248,78.27217472718121,94.01555247248461,50.00777623624231,18.45778616181012,32.293063433745814,1.4930537422195242,156.56929255435998,0.8828017395292412,20.958576129654773,1.685222244841842,1.2787565759442991,240.81802648369634,10870.074479200113,240.81802648369634,10870.074479200113,1.2787565759442991
EB20,162.0,156.39841997985766,142.15417437444688,0.7877507567779867,47.11188575900317,2714.7740632101236,62.3246480118978,257.3268699480175,9.49581131454479,9.687174213129992,5.852636813697055,-23.90966858645609,112.7755260658856,10.0,4.163808176986683,8.310607885112272,32.40384615384685,33.65384615384687,0.5102634188773826,0.013000000000000012,7.090111123844304e-67,987.0,10.002882289486454,128.56121235070236,133.3125844091619,147.9965945274621,76.99829726373105,139.78829041305121,7.506667231640054,2.3193020651537632,4.233546335828857,0.8340153937039188,128.22016780514633,1.2665993315622703,1.622484294997006,271.4774063210124,7028.694966412925,271.4774063210124,7028.694966412925,1.622484294997006
EB20,163.0,170.54460903591314,161.14699052871254,0.8083222848900965,56.32717507114457,2509.063754335559,63.994238607767805,241.33747176070415,11.67905270191895,14.663648199107529,6.538177829848308,-10.354924604160594,113.40000008834538,10.0,4.662274455057011,7.474459644096314,78.76106194690433,94.23076923077124,0.539574185734855,0.0040000000000000036,6.05407935717358e-158,1853.0,23.007578470369765,297.95958635029683,126.9999877742357,143.57367145309217,74.78683572654609,315.8237460440146,186.31796492236768,2.5529078559973777,1.6417512132451235,0.850513715859462,308.8640626160718,1.5109885610590459,1.7862855685266539,250.90637543355592,7256.9466637744645,250.90637543355592,7256.9466637744645,1.7862855685266539
EB20,165.0,22.674119296303267,22.683370609605454,0.6670140405845988,53.75250990189659,1805.1999259451943,28.06887365789963,411.1082810554499,12.46122265351663,19.452420109643942,8.003833230222128,-5.451535601377564,116.39117696644392,12.834787995273881,2.9878503205511167,4.999999977058159,31.048387096774853,37.63440860215134,0.7820759474285915,0.0020000000000000018,2.504436012244195e-88,403.0,5.708176488318492,359.09326048086245,58.311134681467706,70.30794436730775,38.15397218365388,10.927896348502788,240.77678760224646,4.585630703172925,1.9881372267544442,0.9191700429117492,7.750067560863972,2.6065977770576314,1.5569068338984866,140.6489866922553,3266.969241165352,140.6489866922553,3266.969241165352,1.5569068338984866
EB20,168.0,44.42113609205511,44.22356678515242,0.8659261199980701,6.103298176456669,2985.852688287312,77.01065801331649,148.66428803937805,9.94501673561193,2.88194973663219,4.719688107526675,-7.893847704169614,105.20861813084831,41.75746128506862,4.881538987840706,6.999807442492325,49.71264367816198,65.15151515151653,0.6256155676043738,0.0020000000000000018,2.656511012872555e-156,1039.0,12.63936757908546,206.47225546283974,103.3657564819041,118.20379845520165,62.101899227600825,177.54278143924867,252.74975412534286,3.1088504346435677,4.948622790072209,0.562058193564442,211.56117085052188,1.8642896751696227,2.1071343082506266,71.50465081925311,8102.184910928368,71.50465081925311,8102.184910928368,2.1071343082506266
EB20,170.0,43.38952467595962,44.31191941813823,0.8468513236455649,5.0,2876.012991573666,77.41089081185002,108.3884001720836,11.933455413978669,7.719525386203303,4.2302974957774415,-1.3086367841924376,120.99999991397085,40.96054468934564,4.871503182663152,7.480107916375579,53.25443786982362,63.15104166666801,0.6406246888458407,0.0020000000000000018,2.840508389657356e-85,694.0,8.439302928170587,350.05098660704243,271.2100948220841,284.83751070360427,145.41875535180213,358.49198350523915,205.90313095967707,5.273868924528386,1.5166838579984534,0.7558735374868683,351.47515206437333,1.333239749307769,2.8209494547109966,70.21422721269998,9366.71778157426,70.21422721269998,9366.71778157426,2.8209494547109966
EB20,173.0,20.261108078015567,20.265619182986633,0.9203553769033505,9.175775378799617,2765.316931811929,68.78685120974626,302.0745323947316,9.61365397530968,2.0,6.451018301158353,-24.824597511018432,105.2000000000088,20.01165522707404,4.17202364454411,8.364480717091745,55.84415584415704,60.06493506493634,0.5926354273524654,0.0,2.683133931521339e-116,1167.0,15.23572685253122,292.9829562631758,150.18725403142344,165.37382892828282,85.68691446414141,300.7600422804729,156.02159440002504,2.9277596535324855,3.3969889846393877,0.9014125403374269,296.6237786142971,1.783438225585625,1.4902537129035023,138.18531752789215,7236.376747265912,138.18531752789215,7236.376747265912,1.4902537129035023
