Animal_Id,Cell_Id,R_Squared,SC_pd,SC_anti,SC_anti_data,tau_E,I_baseline,I_HD,A_fast,fc_stim_duration,stim_delay,g_T,V_half_T,k_T,tau_hT,E_Ca,g_a,A_sc,tau_sc_on,tau_sc_off,sc_delay,tau_dend,mg_conc,HDpeakFRsmooth,HDpeakFR,HDInx,pValS,pValR,nSpk,HDFR,HDAngle,vm_deltaBIC,vm_deltaAIC,vm_deltaLL,vm_mu1_deg,vm_mu2_deg,vm_kappa,vm_kappa2,vm_pi,vm_mu_uni_deg,vm_kappa_uni
EB09,1.0,0.7374071102282931,20.8978048643967,0.0,0.0,42.37608718168473,0.0,14.509544694958581,250.41195837872473,10.789135898594209,5.693407210647458,5.0,-5.0,3.0,12.075622954953563,100.90832814579784,2.0,154.93081177045926,19.12566099351111,194.20817116284803,7.737951701369193,77.92103940243513,0.7728104405241323,7.195121951219507,11.278195488721794,0.6472529909707935,0.018000000000000016,5.781870073154109e-16,188.0,2.1943206313293895,40.591500454238684,48.08593286575149,57.79525875424133,31.897629377120666,27.06281261873059,60.391224693654955,1.5380412072649392,30.3166866149031,0.5361955266576922,46.590399917307494,2.3599605981505505
EB12,50.0,0.47092833560170444,102.02050502633392,0.0,0.0,42.37608718168473,0.0,21.594435452049318,162.55267211418453,10.789135898594209,5.693407210647458,33.732338101533344,-5.0,3.0,12.075622954953563,100.90832814579784,0.705020732593147,162.4082580839951,19.12566099351111,194.20817116284803,7.737951701369193,77.92103940243513,0.7728104405241323,102.80000000000219,140.00000000000296,0.9277207957506769,0.0010000000000000009,0.0,630.0,11.087848140831865,340.0264953260984,183.26799439976605,196.6051538579228,101.3025769289614,344.07827195877354,104.5506774352204,10.517643393670584,0.3444360068141309,0.95,344.51791822297463,5.399900386447691
EB12,51.0,0.5128676726696996,84.9448719470216,0.0,0.0,42.37608718168473,0.0,16.261567172953896,161.45895350723166,10.789135898594209,5.693407210647458,9.130145137836301,-5.0,3.0,12.075622954953563,100.90832814579784,1.7521951304477292,233.93264852186232,19.12566099351111,194.20817116284803,7.737951701369193,77.92103940243513,0.7728104405241323,71.75324675324829,101.405622489962,0.9166043431738644,0.0,3.264014418303201e-280,799.0,12.978886811111877,273.75595075111755,-17.777447115873315,-3.7273642785744983,1.1363178607127509,282.6152472897345,271.1372889770752,14.006085669133011,18.189543977774434,0.533186053427505,277.23327921804884,13.687444322875768
EB12,52.0,0.6003795408959094,120.74971852788187,119.93280087872785,0.0,42.37608718168473,0.0,19.497832430050885,183.53525697753918,10.789135898594209,5.693407210647458,80.0,-3.1638509239797568,3.0,12.075622954953563,100.90832814579784,1.6434010653264564,187.35577054350622,19.12566099351111,194.20817116284803,7.737951701369193,77.92103940243513,0.7728104405241323,90.53672316384375,141.94915254237588,0.9149632111721017,0.0,0.0,728.0,11.532892506471411,179.5290288374829,13.439108994875767,27.210012139465817,16.60500606973291,182.641755211962,189.11996760837462,10.376636257500618,114.96136092017068,0.7807110961991918,184.11312493202047,12.564438748290893
EB12,53.0,0.631205571050742,108.02466405608303,38.30750310065949,0.0,42.37608718168473,0.0,19.513777888848345,172.97647189223588,10.789135898594209,5.693407210647458,52.589040683002,-5.0,3.0,12.075622954953563,100.90832814579784,2.0,196.58108986766237,19.12566099351111,194.20817116284803,7.737951701369193,77.92103940243513,0.7728104405241323,109.90566037736085,195.5818965517283,0.9217709629439391,0.0010000000000000009,0.0,1142.0,18.787158927519734,3.1172766147155606,411.74749908003923,426.8691082506871,216.43455412534354,18.056025722385296,6.918897715581046,59.89035143961617,3.158679623159694,0.5460773922873109,13.51563728500824,5.870752119037942
EB12,54.0,0.5630266657501711,101.38420960345957,0.0,0.0,42.37608718168473,0.0,22.49055388753467,200.20359755786157,10.789135898594209,5.693407210647458,5.0,2.7862477403995043,3.0,12.075622954953563,100.90832814579784,2.0,192.24603695132808,19.12566099351111,194.20817116284803,7.737951701369193,77.92103940243513,0.7728104405241323,128.91156462585306,187.9251700680312,0.9117718554722639,0.0010000000000000009,0.0,951.0,16.429580847013135,24.972541557056537,111.82068965430904,126.3932318419453,66.19661592097265,34.268475012310525,27.49925620827612,10.91142353945207,1.1036774359160861,0.95,34.10154703847228,7.480237701224708
EB12,55.0,0.39100790993374324,97.80273541898515,64.13952180869269,0.0,42.37608718168473,0.0,23.543439264780314,172.83639874869704,10.789135898594209,5.693407210647458,67.13879908067283,-5.0,3.0,12.075622954953563,100.90832814579784,2.0,130.50708836966191,19.12566099351111,194.20817116284803,7.737951701369193,77.92103940243513,0.7728104405241323,132.9908675799115,255.1136363636418,0.912464229737907,0.0,0.0,1340.0,19.725038846550387,192.26939715736634,149.96969112894482,165.57096580777966,85.78548290388983,199.81296264770185,198.2998078378174,25.798568443581885,4.4573240151090125,0.735477190205522,199.44379690751802,11.072878040222959
EB12,57.0,0.27372242204493435,62.76587355497577,0.0,0.0,42.37608718168473,0.0,15.753625426468474,193.44869098069492,10.789135898594209,5.693407210647458,12.232318466616853,-5.0,3.0,12.075622954953563,100.90832814579784,2.0,270.03009992740306,19.12566099351111,194.20817116284803,7.737951701369193,77.92103940243513,0.7728104405241323,43.777292576420145,56.277056277057476,0.8376950034660848,0.0,1.8920361371263605e-149,638.0,7.21840308105882,132.72189383212955,63.03691900770423,76.41193385773863,41.205966928869316,128.99408923694895,196.0965999236595,6.829375958644433,5.198832671043213,0.8605505010871036,136.78182287149883,3.6793198178157387
EB12,58.0,0.686516173637352,115.83759105384581,0.0,0.0,42.37608718168473,0.0,21.798417180142195,149.5168279742029,10.789135898594209,5.693407210647458,31.82404398236172,-5.0,3.0,12.075622954953563,100.90832814579784,2.0,179.9890658967866,19.12566099351111,194.20817116284803,7.737951701369193,77.92103940243513,0.7728104405241323,71.6942148760346,89.87603305785315,0.9480080444201183,0.0,2.0861304171260612e-232,413.0,6.918488479460297,358.21828390242433,122.75530967236091,134.82565245124403,70.41282622562201,8.015856106534143,329.1272978316973,11.64924987786962,0.355118756583836,0.9341183165201896,7.556588814915892,5.396164141546649
EB12,59.0,0.1683673586689287,67.12462545398846,0.0,0.0,42.37608718168473,0.0,18.934850860320903,149.79874247245675,10.789135898594209,5.693407210647458,6.3915459367667635,-5.0,3.0,12.075622954953563,100.90832814579784,0.8239027448474057,134.9970269361615,19.12566099351111,194.20817116284803,7.737951701369193,77.92103940243513,0.7728104405241323,26.872246696035816,38.87559808612524,0.9374531464180882,0.0,2.234500215149745e-98,258.0,3.048160942897785,95.93865902115616,-4.711252579135353,5.947626175629498,5.973813087814749,108.76254233381441,88.00074091294927,42.61541977974446,49.52655717364782,0.5956105355114851,100.37942258885926,18.966976315379064
EB12,60.0,0.47414099138768284,80.68168683869872,0.0,0.0,42.37608718168473,0.0,18.895758666724337,169.28841187833393,10.789135898594209,5.693407210647458,17.964533818834145,-5.0,3.0,12.075622954953563,100.90832814579784,2.0,180.0952918215568,19.12566099351111,194.20817116284803,7.737951701369193,77.92103940243513,0.7728104405241323,51.17370892018889,68.54838709677566,0.8977892001286043,0.0,1.5992633228051457e-194,610.0,5.679731663405322,228.0776837380164,-6.636614808752029,6.603762062750093,6.301881031375046,224.45414035656506,255.8159010443215,10.005644504932691,19.233314628020068,0.7022211798433161,233.8312614439672,7.04578603376296
EB12,61.0,0.5954264379429002,90.14629979369808,0.0,0.0,42.37608718168473,0.0,20.936981994423533,157.25585739274592,10.789135898594209,5.693407210647458,18.16221297949394,-5.0,3.0,12.075622954953563,100.90832814579784,2.0,181.35840835244917,19.12566099351111,194.20817116284803,7.737951701369193,77.92103940243513,0.7728104405241323,87.801204819279,112.87878787879029,0.9178031336761966,0.0010000000000000009,5e-324,702.0,9.994561364044069,329.0711111333141,90.63831514072535,104.30011535280278,55.15005767640139,334.0999013106068,344.02053340664844,10.571267755481166,0.9429013599109762,0.95,334.3261546753579,6.9539348098536555
EB12,62.0,0.6179902585789634,112.87529465546073,0.0,0.0,42.37608718168473,0.0,22.87060854513314,265.6229744523149,10.789135898594209,5.693407210647458,5.0,2.69755372711013,3.0,12.075622954953563,100.90832814579784,2.0,173.24384606575862,19.12566099351111,194.20817116284803,7.737951701369193,77.92103940243513,0.7728104405241323,109.1008771929848,156.79824561403842,0.9148874813410355,0.0,0.0,1254.0,14.862602704851467,96.25583716432175,7.293107491706905,22.695388655285456,14.347694327642728,101.18165771253088,94.02956460757284,11.147524995702808,3.384585649447584,0.95,100.8803948007104,9.902838850798105
EB12,63.0,0.531906785056453,121.56678148640661,58.9065609555371,0.0,42.37608718168473,0.0,21.90742291839965,157.04743103511902,10.789135898594209,5.693407210647458,62.16604944656968,-5.0,3.0,12.075622954953563,100.90832814579784,2.0,160.88420169680688,19.12566099351111,194.20817116284803,7.737951701369193,77.92103940243513,0.7728104405241323,132.0000000000028,173.8888888888926,0.9151785567971541,0.0010000000000000009,0.0,1544.0,20.387230621831662,123.84750700923261,-12.076653746257648,3.9497414454965565,4.974870722748278,135.0142117529148,116.20736398529017,11.510802249909837,15.867074258645948,0.5749366269524301,126.97265175667474,9.91716454402432
EB12,64.0,0.3891031218238884,28.74220180885437,0.0,0.0,42.37608718168473,0.0,16.710628022404244,206.28961243591803,10.789135898594209,5.693407210647458,5.0,-5.0,3.0,12.075622954953563,100.90832814579784,1.8639712129719412,186.906992164573,19.12566099351111,194.20817116284803,7.737951701369193,77.92103940243513,0.7728104405241323,100.3112033195042,123.40425531915157,0.9332986397954018,0.0,0.0,1204.0,12.359421841849494,359.2453328023445,275.91316945209746,291.1933833297037,148.59669166485185,5.4467440728304375,178.95577298843173,8.38198506735018,0.27167319605382556,0.95,5.494187033768691,4.706453399848472
EB12,65.0,-0.04523091790911371,43.603973178310845,0.0,0.0,42.37608718168473,0.0,17.83154277529589,158.67837074937393,10.789135898594209,5.693407210647458,5.0,-5.0,3.4092222501170033,12.075622954953563,100.90832814579784,1.5897210172472231,0.0,19.12566099351111,194.20817116284803,7.737951701369193,77.92103940243513,0.7728104405241323,96.33333333333539,162.00000000000347,0.8912343845848075,0.0,0.0,1708.0,16.108952352208853,297.54340305491303,42.63038480315163,58.959619926197206,32.4798099630986,309.97362406049706,299.46589986995104,18.244094272556005,6.448568185762759,0.6426227456313911,306.3574639811383,10.177865104223404
EB12,66.0,0.6772177566637728,70.72828847131963,0.0,0.0,42.37608718168473,0.0,16.711399944482338,188.78658874836415,10.789135898594209,5.693407210647458,15.415617459000284,-5.0,3.0,12.075622954953563,100.90832814579784,2.0,257.44959196163586,19.12566099351111,194.20817116284803,7.737951701369193,77.92103940243513,0.7728104405241323,67.39130434782753,102.09163346613762,0.9243231142944663,0.0010000000000000009,1.0364954436790876e-254,728.0,8.016844182502137,196.89364828906375,13.044365247145791,26.81526839173584,16.40763419586792,206.47256575661967,174.30910462126235,22.076339337394252,38.96430983667528,0.9270717209316693,204.20264519551296,15.658353281619101
EB12,67.0,0.577249578122471,0.0,0.0,0.0,42.37608718168473,0.0,15.195736203013254,153.17813359511214,10.789135898594209,5.693407210647458,5.010677174742054,3.487617714573411,3.0,12.075622954953563,100.90832814579784,1.9955782789621785,137.922969792716,19.12566099351111,194.20817116284803,7.737951701369193,77.92103940243513,0.7728104405241323,105.00000000000225,117.14285714285964,0.8994271450487205,0.0,4e-323,1232.0,11.92042727765307,154.7457199382516,91.66797187927341,107.0171543115539,56.50857715577695,154.25475072583032,177.2901627218724,7.854048973442154,1.0706673436658842,0.95,154.75579731346707,6.001309087105655
EB12,68.0,0.5625819278681288,144.16752778039705,144.809386374822,0.0,42.37608718168473,0.0,21.720012703906352,177.1826047953544,10.789135898594209,5.693407210647458,80.0,-0.44404819904192583,3.0,12.075622954953563,100.90832814579784,2.0,169.5715297957167,19.12566099351111,194.20817116284803,7.737951701369193,77.92103940243513,0.7728104405241323,112.5000000000024,161.21031746032088,0.8875641779349798,0.0010000000000000009,0.0,1410.0,14.729269754144463,320.1394861977882,128.98306431147125,144.7370992615879,75.36854963079395,331.20090124449825,313.4548480759929,5.254053605632823,27.24703234510574,0.5231018727734479,322.35013213856104,7.150156455353907
EB12,69.0,0.5695088820611303,116.6565895161971,38.75418835548355,0.0,42.37608718168473,0.0,20.933066222825918,162.19103643341435,10.789135898594209,5.693407210647458,52.91690218812108,-5.0,3.0,12.075622954953563,100.90832814579784,2.0,183.23661561237006,19.12566099351111,194.20817116284803,7.737951701369193,77.92103940243513,0.7728104405241323,94.03409090909292,137.35465116279363,0.9077260750038622,0.0,0.0,934.0,12.299973977785248,222.8443609011974,14.83909444274127,29.35752375742777,17.678761878713885,239.6739017699072,205.62660545629882,12.884543173160388,17.01190272575163,0.6776129535370161,228.7807220940806,7.09219879535117
EB12,70.0,0.6241832541510891,58.23248295440081,0.0,0.0,42.37608718168473,0.0,17.79412560556036,248.22307947326786,10.789135898594209,5.693407210647458,8.689805703654535,-5.0,3.0,12.075622954953563,100.90832814579784,2.0,232.9058745892858,19.12566099351111,194.20817116284803,7.737951701369193,77.92103940243513,0.7728104405241323,103.5904255319171,176.19680851064206,0.8989170715099395,0.0,0.0,1032.0,15.362135551196998,287.32859865593474,20.086930713049924,34.904692551174435,20.452346275587217,287.95199459746334,308.3648662247186,10.045403093913672,2.8254442788529817,0.95,288.7491139041934,8.531091746317408
EB12,71.0,0.7327657455281855,103.19761949027357,0.0,0.0,42.37608718168473,0.0,16.640247011567546,162.42320593564875,10.789135898594209,5.693407210647458,16.845525463221033,-5.0,3.0,12.075622954953563,100.90832814579784,2.0,245.2216743692956,19.12566099351111,194.20817116284803,7.737951701369193,77.92103940243513,0.7728104405241323,79.67914438502844,94.25133689839772,0.9075005769886616,0.0010000000000000009,2.507854870306512e-265,850.0,10.707657764110047,223.4391802844066,5.780083189495713,20.015792237948858,13.007896118974429,235.6812144308262,200.39356686896585,10.270023228756935,33.2841380700556,0.853345375681907,230.5466958023223,7.664361720805402
EB12,72.0,0.5240536127953664,85.37047329032751,0.0,0.0,42.37608718168473,0.0,19.462932706935796,236.41121881222148,10.789135898594209,5.693407210647458,5.0,-1.0914578129920058,4.055630236698728,12.075622954953563,100.90832814579784,2.0,202.6624474308578,19.12566099351111,194.20817116284803,7.737951701369193,77.92103940243513,0.7728104405241323,130.67567567567843,143.38235294117953,0.9055717608963052,0.0010000000000000009,0.0,1531.0,19.577193988382067,5.906494640961655,104.96265136109741,120.96368054807044,63.48184027403522,15.456028298846931,23.762736851374527,5.67191729365512,0.20629545594390844,0.95,15.502636424755492,4.11438372264867
EB12,73.0,0.7209658757582407,124.33537180698757,0.0,0.0,42.37608718168473,0.0,20.464855534774948,309.2764145359027,10.789135898594209,5.693407210647458,5.0,-5.0,4.978635970501189,12.075622954953563,100.90832814579784,2.0,175.70736133546487,19.12566099351111,194.20817116284803,7.737951701369193,77.92103940243513,0.7728104405241323,106.36792452830416,126.76886792453101,0.87984107371489,0.0010000000000000009,0.0,1286.0,17.674973996072474,203.82099724631777,-5.797883071393244,9.679992642999423,7.8399963214997115,213.63194358822318,217.46412386639713,5.996904784776928,56.304235465369786,0.8753744583923319,214.14492925265412,6.6928510462309925
EB12,75.0,0.13122021058175515,52.25310770246253,0.0,0.0,42.37608718168473,0.0,1.3520771177256297,181.09086026176956,10.789135898594209,5.693407210647458,11.238221782332273,-5.0,3.0,12.075622954953563,100.90832814579784,2.0,300.0,19.12566099351111,194.20817116284803,7.737951701369193,77.92103940243513,0.7728104405241323,8.544303797468539,11.603375527426408,0.9024716153489161,0.0,7.956848395540979e-27,170.0,1.1172235653732199,49.045659955638655,99.55613902425533,108.96353433540611,57.481767167703055,54.40491963053035,292.76751465480004,26.01416154458278,2.0,0.9438703038473953,53.56378676416203,9.267191693003737
EB12,76.0,0.6295308449590427,26.4824751648683,0.0,0.0,42.37608718168473,0.0,0.4967218304985651,259.19881296946784,10.789135898594209,5.693407210647458,5.484491439336907,8.89525841666426,3.4129627518822425,12.075622954953563,100.90832814579784,1.4026954825745677,82.06472834259355,19.12566099351111,194.20817116284803,7.737951701369193,77.92103940243513,0.7728104405241323,27.38636363636422,50.00000000000106,0.9409719524269685,0.0,7.397989555961789e-100,273.0,1.4840460160811881,337.1221039996618,90.16098528833324,100.98940067388813,53.494700336944064,340.2616585912234,27.6258906841926,18.58290861273158,0.9520941597704895,0.95,340.97571616792334,9.769504750154821
EB12,77.0,0.7293925736386077,74.00778763807484,0.0,0.0,42.37608718168473,0.0,16.229486149005037,278.92759540052083,10.789135898594209,5.693407210647458,5.0,-3.047472134107089,3.0,12.075622954953563,100.90832814579784,2.0,255.68243966598445,19.12566099351111,194.20817116284803,7.737951701369193,77.92103940243513,0.7728104405241323,24.24568965517293,29.09482758620751,0.915557081257022,0.0,1.2455249039229502e-87,276.0,3.426524878060408,297.5068918766212,-7.847998040566608,3.013204556584867,4.5066022782924335,302.7771140114207,277.5224958462915,11.106512718324971,288.9114565545406,0.9222891073080867,300.78157808468706,10.366369638714183
EB12,78.0,0.6189572301193422,69.34000104732937,0.0,0.0,42.37608718168473,0.0,17.057131184494096,219.6231504707283,10.789135898594209,5.693407210647458,23.288132478859207,-5.0,3.0,12.075622954953563,100.90832814579784,2.0,248.37924419577797,19.12566099351111,194.20817116284803,7.737951701369193,77.92103940243513,0.7728104405241323,50.786163522013666,71.70050761421471,0.9372600657850496,0.0010000000000000009,2.386962505582152e-175,451.0,5.551261157911839,338.9711494929227,154.70300667482059,167.03740869332864,86.51870434666432,339.8962374838349,354.7720711060481,14.416305190607465,0.2594374113697015,0.95,339.99004199462325,7.044708252868205
EB12,79.0,0.5506204153520649,70.19950352442113,0.0,0.0,42.37608718168473,0.0,18.044852737498157,191.43061573775182,10.789135898594209,5.693407210647458,20.638936594458897,-5.0,3.0,12.075622954953563,100.90832814579784,2.0,214.4174215274092,19.12566099351111,194.20817116284803,7.737951701369193,77.92103940243513,0.7728104405241323,113.2812500000024,134.11458333333618,0.9148045922013573,0.0010000000000000009,0.0,1067.0,13.382780638289653,158.20145960039744,1.691675205331535,16.60949395923683,11.304746979618415,162.0815234071056,188.0476635216829,10.898000906247967,4.348463237626813,0.95,163.2283827333755,9.365561014640658
EB12,80.0,0.5220822943529821,60.32749372498975,0.0,0.0,42.37608718168473,0.0,18.288854432931767,189.88220741615498,10.789135898594209,5.693407210647458,12.90917906376628,-5.0,3.0,12.075622954953563,100.90832814579784,1.8371106564269184,213.4994603474467,19.12566099351111,194.20817116284803,7.737951701369193,77.92103940243513,0.7728104405241323,47.46666666666768,75.33333333333493,0.9319992655954201,0.0,1.6801104890345005e-166,761.0,7.996852539720503,47.978591591289046,-1.8902242646690581,12.013675808915991,9.006837904457996,50.45342657311575,67.75973426971001,25.838036658651294,10.79679699035658,0.95,51.2788161221688,22.021899353714154
EB12,81.0,-0.12312277769330837,39.314840319761814,0.0,0.0,42.37608718168473,0.0,0.0,217.50787460515497,10.789135898594209,5.693407210647458,5.0,-5.0,3.3796925601603194,12.075622954953563,100.90832814579784,0.9370629737945565,300.0,19.12566099351111,194.20817116284803,7.737951701369193,77.92103940243513,0.7728104405241323,13.120567375886804,21.551724137931494,0.9181688018902469,0.0,2.4230815272725364e-37,150.0,1.5120217827906115,57.94650601555525,100.35691723576231,109.38882311805108,57.69441155902554,61.437769779054605,43.67371142625647,39.437304652474985,2.0,0.95,61.00007197276846,14.156865812921394
EB12,82.0,0.3612965378280212,77.6302116002604,0.0,0.0,42.37608718168473,0.0,15.949584683791397,183.39374113384133,10.789135898594209,5.693407210647458,15.667302109544945,-5.0,3.0,12.075622954953563,100.90832814579784,2.0,268.7297634273891,19.12566099351111,194.20817116284803,7.737951701369193,77.92103940243513,0.7728104405241323,34.03508771929897,69.78798586572587,0.9089089514020686,0.0010000000000000009,1.5402841383195035e-123,447.0,4.298868907002483,205.70143606607888,67.60270860265453,79.91038438649525,42.955192193247626,209.32829655451667,213.29211356809543,53.40457916058205,5.658382631848392,0.5605249107223884,210.98448908097674,10.964783675188636
EB12,83.0,0.49501337917478294,76.15549411412628,0.0,0.0,42.37608718168473,0.0,15.952198344206183,183.23906503038057,10.789135898594209,5.693407210647458,17.77734614861876,-5.0,3.0,12.075622954953563,100.90832814579784,2.0,223.89961097379953,19.12566099351111,194.20817116284803,7.737951701369193,77.92103940243513,0.7728104405241323,59.64285714285841,92.76729559748625,0.9129715373758214,0.0,1.03435236769975e-230,836.0,8.326547263713305,196.59907321456225,103.29214072067188,117.47802655992598,61.73901327996299,201.0222334244731,212.31366200849905,8.67306750224979,85.64866627821205,0.594893662719744,205.74534020860943,12.07912755220057
EB12,84.0,0.5320485381065775,83.56859076685066,0.0,0.0,42.37608718168473,0.0,17.570971201350847,185.40494821343506,10.789135898594209,5.693407210647458,26.666012400125286,-5.0,3.0,12.075622954953563,100.90832814579784,2.0,227.53177034112383,19.12566099351111,194.20817116284803,7.737951701369193,77.92103940243513,0.7728104405241323,94.40559440559642,128.99709302325854,0.8985731814057689,0.0,0.0,1398.0,14.863548794542803,136.3092689296265,113.01863867376869,128.74703244215004,67.37351622107502,132.19328998043048,150.69797071787016,20.455237618259844,6.128922053382909,0.6651485042071091,138.10185686072498,9.211577120066373
EB12,85.0,0.5920805118551853,42.35801701871621,0.0,0.0,42.37608718168473,0.0,17.345138560702484,241.72011442707088,10.789135898594209,5.693407210647458,5.0,-5.0,3.0,12.075622954953563,100.90832814579784,1.3705526321201467,185.49145627608158,19.12566099351111,194.20817116284803,7.737951701369193,77.92103940243513,0.7728104405241323,69.21875000000148,104.79041916167887,0.824795979691741,0.0010000000000000009,5.130462924047751e-181,643.0,6.962204864231591,255.7321164371044,266.5382965265644,279.93673069927706,142.96836534963853,261.5740274348425,57.43594120687049,6.7927544193088645,3.0627637290366936,0.9297347178238677,263.23896973622595,2.942018350647124
EB12,86.0,0.4855285485698658,58.44469263784619,0.0,0.0,42.37608718168473,0.0,19.02742515098801,151.21988232485347,10.789135898594209,5.693407210647458,5.0,-5.0,3.0,12.075622954953563,100.90832814579784,0.5717095362170652,152.46905295147604,19.12566099351111,194.20817116284803,7.737951701369193,77.92103940243513,0.7728104405241323,59.22897196261809,95.79439252336653,0.9162513660763001,0.0010000000000000009,1.929338738077111e-223,593.0,9.984785409618667,38.50163175585549,-1.9575631291777995,11.198020067815378,8.599010033907682,41.00277222056844,69.29605501199042,19.42966917474022,54.19366520156115,0.8797912198455874,44.36197802559569,13.912557754386313
EB12,87.0,0.291441318523899,78.62165172384901,0.0,0.0,42.37608718168473,0.0,19.42775039809604,144.45308031178286,10.789135898594209,5.693407210647458,6.894971007216903,-5.0,3.0,12.075622954953563,100.90832814579784,0.03095241448484029,148.70008127247567,19.12566099351111,194.20817116284803,7.737951701369193,77.92103940243513,0.7728104405241323,103.52941176470809,128.676470588238,0.8585499164992602,0.0010000000000000009,0.0,1116.0,15.304065450935113,217.24050876311594,33.030052881071015,48.082571309894774,27.041285654947387,210.3769060710043,232.50282607679335,8.875575171202062,3.199189930961268,0.6346173028770631,217.75171369650678,4.615467211699043
EB12,88.0,0.5643419921683466,136.1476672186989,0.0,0.0,42.37608718168473,0.0,22.30447093547182,275.38038480673805,10.789135898594209,5.693407210647458,5.0,-1.0886597446764894,7.067812580168412,12.075622954953563,100.90832814579784,2.0,151.34648956873482,19.12566099351111,194.20817116284803,7.737951701369193,77.92103940243513,0.7728104405241323,119.50549450549704,168.95604395604755,0.9059210159145649,0.0010000000000000009,0.0,1055.0,18.48179499397371,41.220038622693565,5.406635732475365,20.290523870205902,13.145261935102951,50.29981161812892,39.588407357396456,11.565041775715207,3.172188443605593,0.95,49.85440898569409,10.012301855220072
EB13,90.0,0.4443226541670482,91.74809031772764,0.0,0.0,42.37608718168473,0.0,20.35579819611527,154.13791260123472,10.789135898594209,5.693407210647458,15.65957081228472,-5.0,3.0,12.075622954953563,100.90832814579784,0.7251522223257764,165.63986386383547,19.12566099351111,194.20817116284803,7.737951701369193,77.92103940243513,0.7728104405241323,77.0325203252049,150.40650406504386,0.9125695203865527,0.0020000000000000018,2.89630043377484e-255,405.0,8.222462060950981,144.20652355115433,245.5387556314997,257.5504168328193,131.77520841640964,148.07880781987438,264.85138003647995,21.580507368664875,1.600107689407817,0.95,149.04122363497632,8.733072865262024
EB13,92.0,0.5630929259141128,80.0394052285323,0.0,0.0,42.37608718168473,0.0,19.287111630135417,176.69908332691384,10.789135898594209,5.693407210647458,20.644998820238044,-5.0,3.0,12.075622954953563,100.90832814579784,1.111973922281603,187.76212562123027,19.12566099351111,194.20817116284803,7.737951701369193,77.92103940243513,0.7728104405241323,110.46798029556885,171.18226600985585,0.9247666801904194,0.0,0.0,1072.0,15.80009810210165,81.60129381822131,3.590128236238172,18.52197226113043,12.260986130565215,84.41232726517805,120.91255064261811,14.286053238736116,15.783219014227853,0.9492772648502249,86.16381121101713,11.46181757370596
EB13,93.0,0.6048042402201776,121.73443835675462,19.572382432746906,0.0,42.37608718168473,0.0,20.577511170586927,156.443305163163,10.789135898594209,5.693407210647458,45.04661903967879,-5.0,3.0,12.075622954953563,100.90832814579784,2.0,191.44690610144144,19.12566099351111,194.20817116284803,7.737951701369193,77.92103940243513,0.7728104405241323,116.66666666666913,176.69172932331202,0.9248680027331961,0.0010000000000000009,0.0,741.0,14.753127025817376,344.28423040340857,179.2786864619303,193.10268833781856,99.55134416890928,349.0524563992049,313.79134191596034,9.060453780798866,0.6317209781093978,0.8919990335483288,347.8128762294416,4.094021917097512
EB13,94.0,0.5086087216789525,61.15962569774781,0.0,0.0,42.37608718168473,0.0,16.59927228080783,161.7149409485062,10.789135898594209,5.693407210647458,5.0,-5.0,3.0,12.075622954953563,100.90832814579784,1.3909126434701928,237.68582108859582,19.12566099351111,194.20817116284803,7.737951701369193,77.92103940243513,0.7728104405241323,37.225274725275526,59.06593406593533,0.9333839685297112,0.0,2.2302875946047444e-126,278.0,3.5236903533019266,319.68636862075783,38.63736844741073,49.52023178848264,27.76011589424132,322.11071377792376,309.5448030362205,28.087640319988957,2.0,0.95,321.47924564538187,19.286984249822282
EB13,95.0,0.5258399938789109,66.3571988045446,0.0,0.0,42.37608718168473,0.0,18.160252852525538,174.0799372314146,10.789135898594209,5.693407210647458,7.314941064933846,-5.0,3.0,12.075622954953563,100.90832814579784,0.40713757333148404,199.58286707843897,19.12566099351111,194.20817116284803,7.737951701369193,77.92103940243513,0.7728104405241323,99.11971830986127,212.14788732394817,0.9275533693480174,0.0,0.0,632.0,12.257754193238064,198.98956776634,140.84074323689333,154.1874114193339,80.09370570966695,205.20089041179193,201.4604031704,11.208313198813082,489.6705524070769,0.671844228943295,203.93559388445848,16.134181472887374
EB13,97.0,0.5095648264432335,66.31395810885088,0.0,0.0,42.37608718168473,0.0,16.572990577488934,187.73548230996013,10.789135898594209,5.693407210647458,12.477174893409455,-5.0,3.0,12.075622954953563,100.90832814579784,1.512168573217759,247.42876444544046,19.12566099351111,194.20817116284803,7.737951701369193,77.92103940243513,0.7728104405241323,40.094339622642366,64.65517241379449,0.9242955655743075,0.0010000000000000009,6.838126021168181e-144,321.0,4.867471341056589,348.9561373321353,46.973383806341474,58.2877071757315,32.14385358786575,355.80584088724913,207.27945012964355,7.5516259702499315,0.3881536032590557,0.95,355.5429044902936,4.703895644882981
EB13,98.0,0.5689601155595692,56.57294497996304,0.0,0.0,42.37608718168473,0.0,17.54432857494106,167.22448221292842,10.789135898594209,5.693407210647458,5.0,-5.0,3.0,12.075622954953563,100.90832814579784,0.8936780056795008,229.53673056294804,19.12566099351111,194.20817116284803,7.737951701369193,77.92103940243513,0.7728104405241323,57.86516853932708,77.77777777777943,0.9039962846217868,0.0010000000000000009,1.3528178440775967e-211,355.0,8.124782004088482,320.69725459575335,-inf,-inf,-inf,320.0029574185228,320.0029574185228,9.574614948898466,9.574614948898466,0.5,320.0029574185228,9.574614948898466
EB18,102.0,0.2706554586763332,60.806594500367325,0.0,0.0,42.37608718168473,0.0,16.080856474763348,161.77534782346606,10.789135898594209,5.693407210647458,5.0,-5.0,3.0,12.075622954953563,100.90832814579784,0.44985782085179565,202.14136575824824,19.12566099351111,194.20817116284803,7.737951701369193,77.92103940243513,0.7728104405241323,5.243288590604139,7.352941176470745,0.7430072247539558,0.0020000000000000018,2.8047464637108467e-21,268.0,2.1391972454802275,65.56823094971531,34.71757081891985,45.49053176045237,25.745265880226185,56.17710113442274,121.01944455892202,3.9672166741048946,43.714016819198946,0.8062327110746474,68.74757263445888,2.8211601116101543
EB18,103.0,0.7573113084739791,44.93629342023819,0.0,0.0,42.37608718168473,0.0,16.549446034352766,253.57453431612063,10.789135898594209,5.693407210647458,5.0,-5.0,3.0,12.075622954953563,100.90832814579784,1.90425765236148,204.09641770129375,19.12566099351111,194.20817116284803,7.737951701369193,77.92103940243513,0.7728104405241323,40.64960629921347,51.181102362205806,0.7911398913315087,0.0010000000000000009,3.280495829323137e-138,825.0,9.32294828464532,322.4270994699508,22.471132953214692,36.61728311221873,21.308641556109365,312.94119974491184,359.85072609033557,5.166841933521349,2.223549358029829,0.5872373974450666,329.68844770814496,2.5019961586790735
EB18,104.0,0.6832437245204432,95.47444155406843,22.5936887516885,0.0,42.37608718168473,0.0,18.54351940866531,282.8303193798603,10.789135898594209,5.693407210647458,34.560870430388526,-5.0,3.0,12.075622954953563,100.90832814579784,2.0,219.6937298141363,19.12566099351111,194.20817116284803,7.737951701369193,77.92103940243513,0.7728104405241323,33.916382252560446,43.262879788640284,0.44124190749746944,0.0010000000000000009,2.1733997059663786e-45,2226.0,12.71019208948706,160.70190660690508,477.8891330682118,495.01301766371853,250.50650883185926,140.60158141447164,251.85265732919453,3.6920525073619794,2.3117804387005703,0.6828369481922774,164.4944335843159,1.2949806871091867
EB18,105.0,0.6648958908893607,109.60839743715651,0.0,0.0,42.37608718168473,0.0,21.93925554946408,279.5040407904753,10.789135898594209,5.693407210647458,5.0,-5.0,3.0,12.075622954953563,100.90832814579784,0.2276012504129308,133.5818675792155,19.12566099351111,194.20817116284803,7.737951701369193,77.92103940243513,0.7728104405241323,79.34782608695821,125.66137566137833,0.6864716353130524,0.006000000000000005,2.2811254228518214e-209,1200.0,16.410848883980222,322.31367352468794,81.64064964807585,96.91088015540436,51.45544007770218,324.83259024352066,332.83351094120314,1.5607624332130647,50.82194987894959,0.8093064020239453,327.03733241460804,1.9065223610571218
EB18,109.0,0.6560364066512097,89.14483634901377,0.0,0.0,42.37608718168473,0.0,16.602575121122488,195.07862099694577,10.789135898594209,5.693407210647458,30.30492734962136,-5.0,3.0,12.075622954953563,100.90832814579784,1.5706447831513828,261.59663141656307,19.12566099351111,194.20817116284803,7.737951701369193,77.92103940243513,0.7728104405241323,20.955882352941625,28.054862842893364,0.6642080312711922,0.0,1.7651384329599628e-43,615.0,4.732193256924699,332.42400469729824,172.92882332195654,186.19369012537618,96.09684506268809,344.97272664978277,207.15421190977824,3.2343109970849824,12.348596588500909,0.8870293953306223,338.62112125268203,1.768466719402627
EB18,110.0,0.6230988820123673,92.21978306308851,0.0,0.0,42.37608718168473,0.0,17.77725505061852,179.6970126231202,10.789135898594209,5.693407210647458,27.143394774038274,-5.0,3.0,12.075622954953563,100.90832814579784,2.0,245.56485654250136,19.12566099351111,194.20817116284803,7.737951701369193,77.92103940243513,0.7728104405241323,38.416422287390844,44.28807947019961,0.8460851815075482,0.0,4.428334866439614e-129,805.0,6.822151840591143,139.65188970173233,-12.271315315605307,1.8012115166502554,3.9006057583251277,140.67714786794167,143.05679379037477,6.88778626995728,3.121190306961011,0.6103476097980144,141.53718018612142,4.583147809319116
EB18,111.0,0.6186302782142603,123.91069854872367,114.3434148235051,0.0,42.37608718168473,0.0,21.68821712218094,178.00367545350403,10.789135898594209,5.693407210647458,80.0,-3.407347262437094,3.0,12.075622954953563,100.90832814579784,2.0,182.38721101980835,19.12566099351111,194.20817116284803,7.737951701369193,77.92103940243513,0.7728104405241323,110.73619631902078,122.81976744186308,0.7642858276762275,0.0050000000000000044,0.0,1613.0,22.97002248299535,279.87160358839526,72.48472135782004,88.64227459219592,47.32113729609796,269.0377022856512,318.17576509728343,3.4442733261920515,12.621965820485606,0.7384369454637729,282.6467911646472,2.945769487924362
EB18,112.0,0.5218755925935401,129.1871534997533,0.0,0.0,42.37608718168473,0.0,23.926565488939733,286.20372206473604,10.789135898594209,5.693407210647458,5.0,3.3002182049127518,4.792218868662492,12.075622954953563,100.90832814579784,2.0,138.5124111045226,19.12566099351111,194.20817116284803,7.737951701369193,77.92103940243513,0.7728104405241323,92.85714285714482,108.44370860927381,0.7297338347280964,0.0010000000000000009,1.3205035742551616e-267,2577.0,20.593679746143938,25.56192941755778,93.36727540536776,110.93041903732501,58.465209518662505,41.8822937328173,323.9968118959018,2.104881947788951,130.19180492568972,0.9478538852159357,37.66606077473625,1.9509380514334698
EB18,113.0,0.7090577774767008,88.27377862848209,0.0,0.0,42.37608718168473,0.0,18.116466384901255,246.08131529161142,10.789135898594209,5.693407210647458,5.0,-5.0,4.944565302282138,12.075622954953563,100.90832814579784,2.0,232.8735626274056,19.12566099351111,194.20817116284803,7.737951701369193,77.92103940243513,0.7728104405241323,31.60660660660728,42.04545454545544,0.5626248060353578,0.010000000000000009,7.234343700603659e-48,862.0,7.443465069424559,6.207469586347974,393.5758999821128,407.85366579410356,206.92683289705178,41.1281046513625,288.28552943925325,6.309934543897071,2.935147038238195,0.6726126405140567,15.829027789898095,1.3884317395362116
EB18,114.0,0.5117321782194124,67.63233746241974,0.0,0.0,42.37608718168473,0.0,20.709701716211665,230.36371958202264,10.789135898594209,5.693407210647458,13.122456292881932,-5.0,3.0,12.075622954953563,100.90832814579784,2.0,196.78494731196832,19.12566099351111,194.20817116284803,7.737951701369193,77.92103940243513,0.7728104405241323,63.66120218579371,73.08743169399064,0.6909793514328535,0.0010000000000000009,4.985142190292302e-213,1363.0,17.459236589436124,205.1188955977712,159.9697275219878,175.6220578170778,90.8110289085389,244.01278908442032,169.62160363995795,3.8244324777115475,4.62195951624401,0.589037170656554,213.8781679563101,1.9894145540435315
EB18,118.0,0.6160156419658058,74.22678426161448,0.0,0.0,42.37608718168473,0.0,16.88996755425758,262.9138485726114,10.789135898594209,5.693407210647458,5.0,-5.0,4.091165237155477,12.075622954953563,100.90832814579784,2.0,247.98851033990573,19.12566099351111,194.20817116284803,7.737951701369193,77.92103940243513,0.7728104405241323,48.030821917809234,62.50000000000133,0.5207747511373044,0.0,2.520249967373235e-94,2094.0,16.022016423561514,41.752705362885536,97.63822723684007,114.57872141113148,60.28936070556574,19.49951701987517,97.90939028383049,1.912296187863296,4.4000597862250945,0.7170398952033394,43.74204952462327,1.4797370273790986
EB18,119.0,0.7911199673217899,88.95961224006192,0.0,0.0,42.37608718168473,0.0,16.678312900065833,293.8104661343724,10.789135898594209,5.693407210647458,5.0,-5.0,3.7597109096905665,12.075622954953563,100.90832814579784,2.0,239.71537596332996,19.12566099351111,194.20817116284803,7.737951701369193,77.92103940243513,0.7728104405241323,35.57401812688897,42.02279202279291,0.45285283026564593,0.0050000000000000044,1.5191335511761743e-40,1131.0,8.710900687105987,31.503036436654938,475.4358532892734,490.52842571762176,248.26421285881088,83.19302382454036,330.08201522888254,7.697007967608141,2.0873922418971933,0.5421005529967298,44.7023539062159,1.0984430645889351
EB18,120.0,0.8152324803119629,72.1780663762128,1.536584795332106,0.0,42.37608718168473,0.0,9.18676149617383,337.27750988051906,10.789135898594209,5.693407210647458,5.0,-5.0,3.638445476002483,12.075622954953563,100.90832814579784,2.0,300.0,19.12566099351111,194.20817116284803,7.737951701369193,77.92103940243513,0.7728104405241323,16.266025641025987,21.30325814536386,0.627573535944197,0.0,2.1445616905602394e-31,373.0,3.5664661158946593,31.964874444017628,153.19211136757554,164.95684662650694,85.47842331325347,70.49307816441573,343.52041053328884,10.652682071893548,2.8495256001883993,0.638129391576687,45.616937121464694,1.9249923529693305
EB18,121.0,0.502924980171913,118.68597139651894,0.0,0.0,42.37608718168473,0.0,20.765805197801683,266.68020715634316,10.789135898594209,5.693407210647458,5.0,-5.0,6.637658750103732,12.075622954953563,100.90832814579784,2.0,181.23151198980875,19.12566099351111,194.20817116284803,7.737951701369193,77.92103940243513,0.7728104405241323,74.32432432432593,80.59845559845732,0.4346648034918962,0.007000000000000006,6.888730406710708e-121,2938.0,28.1358765560921,136.91718692903686,263.4689076343984,281.42536070459937,143.71268035229969,90.70762658361795,194.222804655151,2.4501251456056914,1.9134410633600125,0.5473717565363972,131.93130050938052,1.0260958903102377
EB18,145.0,0.35212000472634764,99.24774038396411,32.21116550023911,0.0,42.37608718168473,0.0,19.587240391679313,168.41842305777115,10.789135898594209,5.693407210647458,53.32616459399485,-5.0,3.0,12.075622954953563,100.90832814579784,2.0,84.47364186407486,19.12566099351111,194.20817116284803,7.737951701369193,77.92103940243513,0.7728104405241323,69.02985074627013,86.75373134328542,0.7241923140967842,0.026000000000000023,7.669360974567579e-250,954.0,16.54236197184955,178.26022693780482,39.19133730231715,53.77332831666217,29.886664158331087,158.77120430917032,221.1128538505404,3.2684698040773483,4.925999370673377,0.6294567957822979,182.20936255005867,2.252184559235437
EB18,146.0,0.637308516062761,48.59276261894834,0.0,0.0,42.37608718168473,0.0,17.195317845160577,243.95389893482457,10.789135898594209,5.693407210647458,12.974493236809508,-5.0,3.0,12.075622954953563,100.90832814579784,2.0,198.04797111220722,19.12566099351111,194.20817116284803,7.737951701369193,77.92103940243513,0.7728104405241323,60.8593750000013,72.79411764706036,0.46807596976835153,0.04800000000000004,1.212073065314417e-85,1860.0,20.440467906487278,276.1321394470805,223.74904279077873,240.33403809090032,123.16701904545016,291.07700763185045,195.71914373738915,4.578403759591444,0.32949714797722196,0.5704890968686728,283.1199598477543,1.1575377385721115
EB18,148.0,0.6931278122232392,104.87085469510896,0.0,0.0,42.37608718168473,0.0,18.173858555715473,175.91221354242376,10.789135898594209,5.693407210647458,29.334126438993863,-5.0,3.0,12.075622954953563,100.90832814579784,0.20738385095904185,196.43332731897624,19.12566099351111,194.20817116284803,7.737951701369193,77.92103940243513,0.7728104405241323,71.63265306122602,96.93877551020614,0.6434052039888675,0.0010000000000000009,2.0190234246469797e-208,1892.0,23.68289554190771,164.9532949075955,99.27680418739783,115.91297343623319,60.956486718116594,165.91719466927833,288.6903921927831,2.509861807961569,5.312744853506325,0.9268761749994836,170.60534103460714,1.8743003808821257
EB20,150.0,0.5862570276481118,25.108145787368493,0.0,0.0,42.37608718168473,0.0,0.0,260.1761193065479,10.789135898594209,5.693407210647458,16.361893934744483,-5.0,3.0,12.075622954953563,100.90832814579784,2.0,49.50091847876697,19.12566099351111,194.20817116284803,7.737951701369193,77.92103940243513,0.7728104405241323,23.705179282869025,34.56591639871456,0.6197109196852346,0.0010000000000000009,2.4637326723290014e-52,460.0,6.057464798228482,295.5111075893186,83.62708869291691,96.02076816136628,51.01038408068314,301.9841659666014,156.13851717195345,3.316813996099888,17.21495711359576,0.9360206131336382,299.24051619540904,2.1947216468454256
EB20,151.0,0.7300602903648921,79.8771343667842,0.0,0.0,42.37608718168473,0.0,17.157884716969058,270.7489269463504,10.789135898594209,5.693407210647458,5.0,-4.005142922785044,3.80518679751973,12.075622954953563,100.90832814579784,2.0,245.0229545298847,19.12566099351111,194.20817116284803,7.737951701369193,77.92103940243513,0.7728104405241323,32.84023668639123,40.354330708662275,0.5649815920582051,0.007000000000000006,9.08622048449152e-63,660.0,6.8020648595435445,154.5460274641215,255.24910406708295,268.72582357214446,137.36291178607223,153.85484289352615,286.7944163016078,2.308495251244102,80.29801906221438,0.8710812608093361,163.35874736795657,1.384960404389013
EB20,152.0,0.6458658138610158,75.84976315824667,0.0,0.0,42.37608718168473,0.0,18.67410226772906,232.15478767119114,10.789135898594209,5.693407210647458,5.0,-2.1144140494006316,3.4262071672066963,12.075622954953563,100.90832814579784,2.0,234.2001621254751,19.12566099351111,194.20817116284803,7.737951701369193,77.92103940243513,0.7728104405241323,47.48603351955409,55.66801619433317,0.7316362997902143,0.0030000000000000027,2.1685700453382214e-142,803.0,9.588966502862121,49.41144242884882,36.45317629868032,50.518240440520685,28.259120220260343,64.90859538920837,39.80219871758283,1.9257162528621947,20.578040990518765,0.7458549866954476,56.780903254730646,2.313497877315252
EB20,153.0,0.5323064377254492,63.74739035709203,0.0,0.0,42.37608718168473,0.0,19.983471524902534,241.03839025463424,10.789135898594209,5.693407210647458,5.0,-5.0,3.0,12.075622954953563,100.90832814579784,0.3987553506971587,156.26822036009804,19.12566099351111,194.20817116284803,7.737951701369193,77.92103940243513,0.7728104405241323,70.45454545454696,112.05357142857379,0.4619241688655312,0.006000000000000005,1.6431598600237756e-106,1531.0,22.390569928484727,266.1549680861466,663.8243431848468,679.8253723718199,342.91268618590993,296.0120364423584,180.15195252511566,7.885564876799122,1.1245141181740932,0.6535929542073295,280.0841247987396,1.3479634666305365
EB20,154.0,0.601596238019926,100.09020970369127,62.324633990246284,0.0,42.37608718168473,0.0,19.664165035207034,185.09032172360853,10.789135898594209,5.693407210647458,63.64381058991177,-5.0,3.0,12.075622954953563,100.90832814579784,1.8925129834265935,191.17911092651804,19.12566099351111,194.20817116284803,7.737951701369193,77.92103940243513,0.7728104405241323,69.70338983050998,116.10878661088114,0.7741699667221573,0.0020000000000000018,2.3867282450846204e-210,1261.0,14.033664769692093,355.8538098054432,96.93709253403222,112.35607354192689,59.178036770963445,4.628505711174627,17.45085760524448,2.03187747258712,136.45348696082607,0.8449473701701897,7.261391470151367,2.332630052635217
EB20,155.0,0.8303236192306178,129.61090068464284,0.0,0.0,42.37608718168473,0.0,19.028979654564555,325.9523847296298,10.789135898594209,5.693407210647458,5.0,-0.5496790403888295,4.2104109436650194,12.075622954953563,100.90832814579784,2.0,184.83192812392443,19.12566099351111,194.20817116284803,7.737951701369193,77.92103940243513,0.7728104405241323,63.61111111111247,93.05555555555753,0.5886024919387449,0.006000000000000005,2.1454528544619102e-170,1246.0,18.403530642026222,81.66012229119599,56.59627584656255,71.97935694460466,38.98967847230233,95.63880705161036,4.6797776446907795,2.063760718321172,7.179143552847401,0.8540739408031759,82.99646710560323,1.5861587683456748
EB20,156.0,0.595589560962315,109.53952710364506,0.0,0.0,42.37608718168473,0.0,20.890950341564206,281.19524382129185,10.789135898594209,5.693407210647458,5.0,0.7811760199382531,3.9216850107865655,12.075622954953563,100.90832814579784,2.0,182.3225315675306,19.12566099351111,194.20817116284803,7.737951701369193,77.92103940243513,0.7728104405241323,57.512953367876875,82.25388601036445,0.8138100226794588,0.0010000000000000009,1.4760557724576347e-195,978.0,10.517237300274655,357.39572424993725,40.51686252187665,55.173391531981224,30.586695765990612,8.23039721795615,320.518437907424,2.761138842852053,68.96382303027836,0.8832853870907272,1.9351069572144963,2.6561783499492653
EB20,157.0,0.7809348712471472,68.16482918738772,9.14482156685342,0.0,42.37608718168473,0.0,7.69380046023059,347.6453781299403,10.789135898594209,5.693407210647458,5.0,-5.0,3.4065772297412273,12.075622954953563,100.90832814579784,2.0,294.490536793809,19.12566099351111,194.20817116284803,7.737951701369193,77.92103940243513,0.7728104405241323,26.18181818181874,41.36363636363725,0.84815512704196,0.0010000000000000009,7.975553624486995e-99,469.0,5.180436022609235,280.74774666146453,32.34307677302763,44.79488507836652,25.39744253918326,286.689137272091,244.63414361996635,5.923741227510466,321.5142314446457,0.8982393438707287,282.3358521418946,5.128278513872148
EB20,161.0,0.7259464905263782,113.00794766938668,0.0,0.0,42.37608718168473,0.0,20.66521018354471,293.32767277551187,10.789135898594209,5.693407210647458,5.0,-5.0,5.4554421360805945,12.075622954953563,100.90832814579784,2.0,176.32484971742537,19.12566099351111,194.20817116284803,7.737951701369193,77.92103940243513,0.7728104405241323,58.992805755396944,95.34671532846917,0.6841185862787079,0.0020000000000000018,1.852865712636943e-154,1405.0,12.758748324108895,13.740141234538248,78.27217472718121,94.01555247248461,50.00777623624231,18.45778616181012,32.293063433745814,1.4930537422195242,156.56929255435998,0.8828017395292412,20.958576129654773,1.685222244841842
EB20,162.0,0.5590739069864183,106.37124440182569,0.0,0.0,42.37608718168473,0.0,21.040197998977607,236.0325184400379,10.789135898594209,5.693407210647458,5.0,5.797739749210498,3.0,12.075622954953563,100.90832814579784,2.0,184.61584652550022,19.12566099351111,194.20817116284803,7.737951701369193,77.92103940243513,0.7728104405241323,32.40384615384685,33.65384615384687,0.5102634188773826,0.013000000000000012,7.090111123844304e-67,987.0,10.002882289486454,128.56121235070236,133.3125844091619,147.9965945274621,76.99829726373105,139.78829041305121,7.506667231640054,2.3193020651537632,4.233546335828857,0.8340153937039188,128.22016780514633,1.2665993315622703
EB20,163.0,0.4793242135462873,125.03376426031986,0.0,0.0,42.37608718168473,0.0,24.451969175605356,249.19316250122324,10.789135898594209,5.693407210647458,21.097997546275675,-1.4106233601239417,3.9422912796275957,12.075622954953563,100.90832814579784,2.0,151.73695208436203,19.12566099351111,194.20817116284803,7.737951701369193,77.92103940243513,0.7728104405241323,78.76106194690433,94.23076923077124,0.539574185734855,0.0040000000000000036,6.05407935717358e-158,1853.0,23.007578470369765,297.95958635029683,126.9999877742357,143.57367145309217,74.78683572654609,315.8237460440146,186.31796492236768,2.5529078559973777,1.6417512132451235,0.850513715859462,308.8640626160718,1.5109885610590459
EB20,165.0,0.44955891472444376,80.44824204383345,0.0,0.0,42.37608718168473,0.0,19.317018723742954,164.86573983154454,10.789135898594209,5.693407210647458,14.336321248041578,-5.0,3.0,12.075622954953563,100.90832814579784,0.29006641870622846,167.8833387488453,19.12566099351111,194.20817116284803,7.737951701369193,77.92103940243513,0.7728104405241323,31.048387096774853,37.63440860215134,0.7820759474285915,0.0020000000000000018,2.504436012244195e-88,403.0,5.708176488318492,359.09326048086245,58.311134681467706,70.30794436730775,38.15397218365388,10.927896348502788,240.77678760224646,4.585630703172925,1.9881372267544442,0.9191700429117492,7.750067560863972,2.6065977770576314
EB20,168.0,0.8528011595678253,119.18917380110443,0.0,0.0,42.37608718168473,0.0,16.6760760404529,329.5343250269004,10.789135898594209,5.693407210647458,5.0,0.5416766331551616,3.467820891824823,12.075622954953563,100.90832814579784,2.0,216.12172215396365,19.12566099351111,194.20817116284803,7.737951701369193,77.92103940243513,0.7728104405241323,49.71264367816198,65.15151515151653,0.6256155676043738,0.0020000000000000018,2.656511012872555e-156,1039.0,12.63936757908546,206.47225546283974,103.3657564819041,118.20379845520165,62.101899227600825,177.54278143924867,252.74975412534286,3.1088504346435677,4.948622790072209,0.562058193564442,211.56117085052188,1.8642896751696227
EB20,170.0,0.7786084328536973,87.69186845859943,0.0,0.0,42.37608718168473,0.0,15.763372399940943,287.0865368874776,10.789135898594209,5.693407210647458,5.0,-5.0,5.316900459587254,12.075622954953563,100.90832814579784,2.0,238.43009760186857,19.12566099351111,194.20817116284803,7.737951701369193,77.92103940243513,0.7728104405241323,53.25443786982362,63.15104166666801,0.6406246888458407,0.0020000000000000018,2.840508389657356e-85,694.0,8.439302928170587,350.05098660704243,271.2100948220841,284.83751070360427,145.41875535180213,358.49198350523915,205.90313095967707,5.273868924528386,1.5166838579984534,0.7558735374868683,351.47515206437333,1.333239749307769
EB20,173.0,0.8350802245641865,90.11647378075575,0.0,0.0,42.37608718168473,0.0,15.849216474918157,301.14684002232565,10.789135898594209,5.693407210647458,5.0,-5.0,4.609703379678257,12.075622954953563,100.90832814579784,2.0,240.86836710373652,19.12566099351111,194.20817116284803,7.737951701369193,77.92103940243513,0.7728104405241323,55.84415584415704,60.06493506493634,0.5926354273524654,0.0,2.683133931521339e-116,1167.0,15.23572685253122,292.9829562631758,150.18725403142344,165.37382892828282,85.68691446414141,300.7600422804729,156.02159440002504,2.9277596535324855,3.3969889846393877,0.9014125403374269,296.6237786142971,1.783438225585625
