Animal_Id,Cell_Id,R_Squared,gate,FC_model,FC_data,SC_pd,SC_anti,SC_anti_data,tau_E,I_baseline,I_HD,A_fast,fc_stim_duration,stim_delay,g_T,V_half_T,k_T,tau_hT,E_Ca,g_a,A_sc,tau_sc_on,tau_sc_off,sc_delay,tau_dend,mg_conc,HDpeakFRsmooth,HDpeakFR,HDInx,pValS,pValR,nSpk,HDFR,HDAngle,vm_deltaBIC,vm_deltaAIC,vm_deltaLL,vm_mu1_deg,vm_mu2_deg,vm_kappa,vm_kappa2,vm_pi,vm_mu_uni_deg,vm_kappa_uni
EB09,1.0,0.7979098765457161,nogate,154.03756018441737,142.15686274509804,19.95633069112759,0.0,0.0,49.33651160483733,4.193990684843626,3.4615600001586486,257.7204603023855,12.079549657553757,3.5086642682988494,6.613682544707203,-4.856476964089425,3.089813517941719,11.324260591851967,82.65840918052209,1.8068414266785535,32.10841523427804,35.9310006206374,102.66425454133346,10.804230579070596,68.19549775331416,0.5882636478104211,7.195121951219507,11.278195488721794,0.6472529909707935,0.018000000000000016,5.781870073154109e-16,188.0,2.1943206313293895,40.591500454238684,48.08593286575149,57.79525875424133,31.897629377120666,27.06281261873059,60.391224693654955,1.5380412072649392,30.3166866149031,0.5361955266576922,46.590399917307494,2.3599605981505505
EB12,50.0,0.6348973131332438,nogate,258.2626730036243,247.61904761904762,121.7468374037436,1.7267396660287018,0.0,7.337071490353146,13.19724581489519,8.224292992505514,170.0588785260656,11.582991975493561,7.17127484366924,29.867671539441105,-4.560450674097528,3.8125242968358304,17.878961700086894,108.1004101988282,1.1350197145539636,26.0238023902878,30.22046859452434,200.76740890875013,18.951797829980404,14.580524395425194,3.241444735924248,102.80000000000219,140.00000000000296,0.9277207957506769,0.0010000000000000009,0.0,630.0,11.087848140831865,340.0264953260984,183.26799439976605,196.6051538579228,101.3025769289614,344.07827195877354,104.5506774352204,10.517643393670584,0.3444360068141309,0.95,344.51791822297463,5.399900386447691
EB12,51.0,0.6966828561692519,nogate,128.8141599651932,122.80701754385964,75.71011533392351,0.0,0.0,12.040461660698083,3.7348928102573637,11.947272154451293,150.63815868456996,13.987420876023705,7.01261512267134,8.190971960352996,-4.647050587568,3.9404581379865293,21.590229452792986,87.4011840597839,2.0,58.6441889495689,33.72717948563816,75.87688667990228,29.368684918820687,72.32510270631177,0.7108680960732412,71.75324675324829,101.405622489962,0.9166043431738644,0.0,3.264014418303201e-280,799.0,12.978886811111877,273.75595075111755,-17.777447115873315,-3.7273642785744983,1.1363178607127509,282.6152472897345,271.1372889770752,14.006085669133011,18.189543977774434,0.533186053427505,277.23327921804884,13.687444322875768
EB12,52.0,0.8062488035377742,nogate,277.5977680834108,259.25925925925924,123.05201092167073,47.967602374409644,0.0,42.18923555475543,9.760779482020707,7.703768068141505,769.2494112247927,2.4708459222626473,3.729153971951893,42.9593493034906,-4.708046823486724,3.235883988632289,8.0,86.20995482637389,2.0,41.52848589037145,32.0301979945306,477.6344016255987,2.169116890387276,40.918922006084685,3.4437399105686386,90.53672316384375,141.94915254237588,0.9149632111721017,0.0,0.0,728.0,11.532892506471411,179.5290288374829,13.439108994875767,27.210012139465817,16.60500606973291,182.641755211962,189.11996760837462,10.376636257500618,114.96136092017068,0.7807110961991918,184.11312493202047,12.564438748290893
EB12,53.0,0.7727338205217527,nogate,254.17398075362505,216.21621621621622,116.8415630241336,0.0,0.0,40.87595899662427,7.366685232229138,10.635740848925701,515.1072972749537,3.523839348315847,6.200000000099102,12.376217394698287,-4.442541579184313,3.4111918374670496,8.016167725723538,117.67382707774728,0.9252091054618077,35.709354112472994,16.07487126285795,170.03127213506212,6.916870830257472,64.07281440101839,4.126340046551087,109.90566037736085,195.5818965517283,0.9217709629439391,0.0010000000000000009,0.0,1142.0,18.787158927519734,3.1172766147155606,411.74749908003923,426.8691082506871,216.43455412534354,18.056025722385296,6.918897715581046,59.89035143961617,3.158679623159694,0.5460773922873109,13.51563728500824,5.870752119037942
EB12,54.0,0.7715085808653445,nogate,264.57457294450074,268.51851851851853,108.05961593937106,5.527783670443698,0.0,49.061514429755434,11.349248028019392,9.302287242221512,577.6435111271178,3.5157665536134006,5.8001683074414325,20.858447370918753,-3.371848207714065,3.7884624348498854,13.220037580825505,80.70321445465471,1.8638452902055462,42.79372045112184,35.39656481949429,181.61479922971978,14.322811485063285,137.02333851324582,4.046590080259659,128.91156462585306,187.9251700680312,0.9117718554722639,0.0010000000000000009,0.0,951.0,16.429580847013135,24.972541557056537,111.82068965430904,126.3932318419453,66.19661592097265,34.268475012310525,27.49925620827612,10.91142353945207,1.1036774359160861,0.95,34.10154703847228,7.480237701224708
EB12,55.0,0.6852829369599306,nogate,297.14618791338313,296.2962962962963,94.33824276621569,0.0,0.0,7.393551714493751,10.098354759042891,11.621942335436437,169.62031479002522,12.532467435821436,6.799714466788402,14.335062759581293,-5.0,4.11968187555805,10.149522355267717,127.99173686831558,1.7293728574294436,43.793263323060614,37.0333261200979,111.20897462728038,9.720774480706341,71.09140395928837,2.6529772777940996,132.9908675799115,255.1136363636418,0.912464229737907,0.0,0.0,1340.0,19.725038846550387,192.26939715736634,149.96969112894482,165.57096580777966,85.78548290388983,199.81296264770185,198.2998078378174,25.798568443581885,4.4573240151090125,0.735477190205522,199.44379690751802,11.072878040222959
EB12,57.0,0.572072064343502,nogate,107.99158713520993,117.6470588235294,55.63011513925966,0.0,0.0,49.27784593831075,5.1526211273507,10.496651547276754,224.0743458957059,12.60783270715755,5.60005797725098,5.096009501703233,-4.483245705711986,3.42750781579193,32.05884728361412,113.05582721688123,1.8557443798604125,32.026253658631575,8.617062203821785,244.6678594731066,16.438058147270514,11.744764276869091,3.172579227764388,43.777292576420145,56.277056277057476,0.8376950034660848,0.0,1.8920361371263605e-149,638.0,7.21840308105882,132.72189383212955,63.03691900770423,76.41193385773863,41.205966928869316,128.99408923694895,196.0965999236595,6.829375958644433,5.198832671043213,0.8605505010871036,136.78182287149883,3.6793198178157387
EB12,58.0,0.7109068216458277,nogate,177.8466117044121,180.18018018018017,106.90969474036825,40.22735832656799,0.0,18.43940361658504,9.85716194266414,11.36118192845107,162.35446785917878,13.950056538812868,6.049977428548542,6.686634856119236,-3.6960294352048177,3.5838353258239852,26.537413269335737,112.14965675702871,1.6781295254854243,46.15094451756096,21.243349834898353,181.25384328388148,3.773980093963595,143.28076152085885,2.1924436805472975,71.6942148760346,89.87603305785315,0.9480080444201183,0.0,2.0861304171260612e-232,413.0,6.918488479460297,358.21828390242433,122.75530967236091,134.82565245124403,70.41282622562201,8.015856106534143,329.1272978316973,11.64924987786962,0.355118756583836,0.9341183165201896,7.556588814915892,5.396164141546649
EB12,59.0,0.31544105043003645,nogate,90.5054010219034,100.0,58.955492837021524,0.0,0.0,47.614968266669194,8.341619289136577,10.480361933574555,136.8714183372355,13.861944186597118,5.138061152672394,5.301080425119688,-4.991315897114992,3.4078444579509584,8.0,81.96327713809676,0.5469687049771633,42.22070847246376,14.713076113641787,73.9676460214058,3.587463448109094,77.92262487959663,2.4819260667234286,26.872246696035816,38.87559808612524,0.9374531464180882,0.0,2.234500215149745e-98,258.0,3.048160942897785,95.93865902115616,-4.711252579135353,5.947626175629498,5.973813087814749,108.76254233381441,88.00074091294927,42.61541977974446,49.52655717364782,0.5956105355114851,100.37942258885926,18.966976315379064
EB12,60.0,0.5738302263610844,nogate,177.63684783357817,171.42857142857144,83.67933809817771,0.0,0.0,47.63873357549768,5.753793771685009,12.667667453515131,309.47995746825524,5.29912501175847,5.999994466638207,19.47970566495629,-4.991777792396472,3.178769493570005,8.048179280042277,95.74474879849801,1.9281355739280932,41.22713157542089,34.257557064214254,68.96102252834186,20.892797153018897,79.75977629042967,3.6125164232911664,51.17370892018889,68.54838709677566,0.8977892001286043,0.0,1.5992633228051457e-194,610.0,5.679731663405322,228.0776837380164,-6.636614808752029,6.603762062750093,6.301881031375046,224.45414035656506,255.8159010443215,10.005644504932691,19.233314628020068,0.7022211798433161,233.8312614439672,7.04578603376296
EB12,61.0,0.737022700291964,nogate,188.82119363132682,183.76068376068375,89.89667547804063,0.0,0.0,50.0,11.473095341291407,8.53866218844149,425.7844162230622,3.1203466266306323,3.0796293264647208,9.45721871419176,-5.0,3.0,8.0,123.31234549267346,1.3676349324498094,34.240812885116824,5.004153816218105,171.83872602689775,0.076852589418549,130.52000061808988,1.6666002576714078,87.801204819279,112.87878787879029,0.9178031336761966,0.0010000000000000009,5e-324,702.0,9.994561364044069,329.0711111333141,90.63831514072535,104.30011535280278,55.15005767640139,334.0999013106068,344.02053340664844,10.571267755481166,0.9429013599109762,0.95,334.3261546753579,6.9539348098536555
EB12,62.0,0.759261894856759,nogate,247.99992722515753,223.95833333333334,145.13388286880513,13.228570444975793,0.0,44.6469922672942,7.372636686126273,13.930647710675759,676.5847217293276,2.4716739020764615,6.800000013609098,28.15422958049143,-2.8546295598841303,3.0,8.0,145.53567129785245,2.0,60.980376359853906,35.0875744063477,138.27817767606035,7.007881003911255,105.77803851153105,3.942689675326684,109.1008771929848,156.79824561403842,0.9148874813410355,0.0,0.0,1254.0,14.862602704851467,96.25583716432175,7.293107491706905,22.695388655285456,14.347694327642728,101.18165771253088,94.02956460757284,11.147524995702808,3.384585649447584,0.95,100.8803948007104,9.902838850798105
EB12,63.0,0.7241906372608434,nogate,246.51258671605143,252.25225225225225,120.86819071654904,18.0768072517602,0.0,46.55732226697289,12.516177668307437,7.468101921426671,755.796331206159,2.2527719919587295,5.747216253915804,46.49898527090305,-4.276653314257352,3.018853940547297,8.0,94.58026866958076,1.6940545161476932,36.25999264696032,14.800062877839624,201.13750139340655,1.5279434740157876,9.391270223001527,2.9257773989358786,132.0000000000028,173.8888888888926,0.9151785567971541,0.0010000000000000009,0.0,1544.0,20.387230621831662,123.84750700923261,-12.076653746257648,3.9497414454965565,4.974870722748278,135.0142117529148,116.20736398529017,11.510802249909837,15.867074258645948,0.5749366269524301,126.97265175667474,9.91716454402432
EB12,64.0,0.6019992179368125,nogate,213.8888558128229,201.75438596491227,45.82779024166552,0.0,0.0,48.28030247485283,7.329312175950276,7.635446472123784,364.81678616594985,5.153215802907579,4.200004168556274,5.842167194926134,-4.977138915134762,3.6474500633091687,8.21754961364156,81.74359526031822,1.6742096269603186,27.169228366934668,22.589305263003638,55.06890921544164,6.252014595438623,66.02830108634961,2.090482624790842,100.3112033195042,123.40425531915157,0.9332986397954018,0.0,0.0,1204.0,12.359421841849494,359.2453328023445,275.91316945209746,291.1933833297037,148.59669166485185,5.4467440728304375,178.95577298843173,8.38198506735018,0.27167319605382556,0.95,5.494187033768691,4.706453399848472
EB12,65.0,0.1929110576530395,nogate,75.6808839369497,75.0,23.569680396163072,0.0,0.0,38.00636045942403,9.259242206714838,8.623748292874346,155.70775783107896,13.791839487805778,6.608161149609569,7.453937747399833,-4.557300853583589,3.000799529441269,10.201179231222046,94.05386629886208,1.9996942113114167,5.578343350189522,15.075476657402914,193.114324527223,23.372869203983306,112.56052449814932,2.2061903732607884,96.33333333333539,162.00000000000347,0.8912343845848075,0.0,0.0,1708.0,16.108952352208853,297.54340305491303,42.63038480315163,58.959619926197206,32.4798099630986,309.97362406049706,299.46589986995104,18.244094272556005,6.448568185762759,0.6426227456313911,306.3574639811383,10.177865104223404
EB12,66.0,0.6801035175065435,nogate,95.77072500295431,121.2121212121212,70.96416885161247,37.59352375434784,0.0,48.96471625070006,13.629390568080183,3.167136426276617,165.0690466208157,13.243462757350569,4.8570718897223335,5.59723625885281,-4.594541097163683,3.591306261064833,13.560612726860164,96.49147416774781,1.847414465798419,35.50451094003549,5.673350439040718,233.63615952177665,10.614600644370707,76.85925691116151,0.3563334788733994,67.39130434782753,102.09163346613762,0.9243231142944663,0.0010000000000000009,1.0364954436790876e-254,728.0,8.016844182502137,196.89364828906375,13.044365247145791,26.81526839173584,16.40763419586792,206.47256575661967,174.30910462126235,22.076339337394252,38.96430983667528,0.9270717209316693,204.20264519551296,15.658353281619101
EB12,67.0,0.713736933476156,nogate,147.45286848348397,121.7948717948718,0.0,0.0,0.0,22.20377924143893,8.047091623252864,0.293232123830829,215.47014550091325,7.106241075084679,6.120558054482659,5.687377295356732,6.589648693965913,4.461832886857601,17.020536279675362,94.78519439670151,1.496741674810254,6.9985423821977975,33.558629798066136,229.90400266754546,26.443232000972024,104.7407836120275,3.199312393414214,105.00000000000225,117.14285714285964,0.8994271450487205,0.0,4e-323,1232.0,11.92042727765307,154.7457199382516,91.66797187927341,107.0171543115539,56.50857715577695,154.25475072583032,177.2901627218724,7.854048973442154,1.0706673436658842,0.95,154.75579731346707,6.001309087105655
EB12,68.0,0.8106706945436857,nogate,292.91518187422537,292.7927927927928,149.23706565722188,58.62884294753723,0.0,39.153016197424925,10.513985187328222,9.309758178468831,360.7241803202099,4.9656368709762635,3.999999996525137,35.84687024238942,-1.9651030332861952,3.0,8.0,140.14592497628362,0.8498875155184752,42.58955352235019,21.15957580832448,229.82616724963415,25.33526066103166,34.66578791090872,2.456657895556459,112.5000000000024,161.21031746032088,0.8875641779349798,0.0010000000000000009,0.0,1410.0,14.729269754144463,320.1394861977882,128.98306431147125,144.7370992615879,75.36854963079395,331.20090124449825,313.4548480759929,5.254053605632823,27.24703234510574,0.5231018727734479,322.35013213856104,7.150156455353907
EB12,69.0,0.6415225664714573,nogate,198.3287324123986,197.36842105263156,118.67277771496404,29.84914693992814,0.0,45.63772531313841,12.631308353525021,7.354151708144246,225.76428912106635,6.979051290031637,3.5959789976975127,16.230863764611676,-5.0,3.0,8.0,166.82898176810366,0.9483926281038026,40.600566401275664,19.282076154124688,159.68557896129337,4.4629983555364126,94.92948959927978,2.5468901791971494,94.03409090909292,137.35465116279363,0.9077260750038622,0.0,0.0,934.0,12.299973977785248,222.8443609011974,14.83909444274127,29.35752375742777,17.678761878713885,239.6739017699072,205.62660545629882,12.884543173160388,17.01190272575163,0.6776129535370161,228.7807220940806,7.09219879535117
EB12,70.0,0.813548389713462,nogate,186.59786878176985,192.85714285714286,94.95349613059867,60.08635337477969,0.0,22.459598432122064,7.878141486682887,2.078393153939176,182.67268194042592,13.513028047537068,4.200267890894582,6.195864831534936,-4.3095043326706834,3.6521426308113574,10.966066184159756,148.21137101440826,1.7043626790961741,52.76116521211121,6.255446947960006,89.84744663962115,9.231620899518465,87.27428479410361,2.330896029268873,103.5904255319171,176.19680851064206,0.8989170715099395,0.0,0.0,1032.0,15.362135551196998,287.32859865593474,20.086930713049924,34.904692551174435,20.452346275587217,287.95199459746334,308.3648662247186,10.045403093913672,2.8254442788529817,0.95,288.7491139041934,8.531091746317408
EB12,71.0,0.789725033585367,nogate,128.63861623268534,147.61904761904762,104.55865291771761,80.26519993847833,0.0,29.30606532917701,11.373742161257688,4.40687198270255,169.42226644834656,13.306861240059185,5.2931399234037775,5.02575648659809,-5.0,3.0,13.858600137675845,109.872086753033,0.5077482140853935,52.357846383217975,11.681006197201638,120.25777139849643,5.438844567269807,61.86907365649986,0.2300554479489887,79.67914438502844,94.25133689839772,0.9075005769886616,0.0010000000000000009,2.507854870306512e-265,850.0,10.707657764110047,223.4391802844066,5.780083189495713,20.015792237948858,13.007896118974429,235.6812144308262,200.39356686896585,10.270023228756935,33.2841380700556,0.853345375681907,230.5466958023223,7.664361720805402
EB12,72.0,0.7482209698882342,nogate,268.1856645380914,236.8421052631579,100.41625818067826,1.0079380066335157,0.0,48.21160836984625,10.253132862149576,7.303249764299473,511.91434964595675,4.157830157849478,3.6421698362563224,19.796430614110267,-4.260215043439543,3.278444463760195,10.429587426929556,128.14746659800167,1.7856409920495286,48.918153394591506,37.54777232241201,146.14685559860854,1.6477257792180258,138.00349925696008,4.206485654123758,130.67567567567843,143.38235294117953,0.9055717608963052,0.0010000000000000009,0.0,1531.0,19.577193988382067,5.906494640961655,104.96265136109741,120.96368054807044,63.48184027403522,15.456028298846931,23.762736851374527,5.67191729365512,0.20629545594390844,0.95,15.502636424755492,4.11438372264867
EB12,73.0,0.8476647210190155,nogate,325.9563456436609,250.0,137.81630186066576,106.11016974394043,0.0,43.159056465060125,11.99935667218487,5.829150478063786,388.24389933412334,7.499446259107117,4.200212283314959,5.0,-4.5411078213816065,3.0,20.108469453076463,84.82039472980829,0.38927208892855036,50.597150507011364,5.365225386841482,150.6428055944615,7.512628617257838,11.859965200942653,1.8243558867632745,106.36792452830416,126.76886792453101,0.87984107371489,0.0010000000000000009,0.0,1286.0,17.674973996072474,203.82099724631777,-5.797883071393244,9.679992642999423,7.8399963214997115,213.63194358822318,217.46412386639713,5.996904784776928,56.304235465369786,0.8753744583923319,214.14492925265412,6.6928510462309925
EB12,75.0,0.6037192632720692,nogate,88.61836902682877,72.07207207207207,36.019478442048076,8.22590413252571,0.0,40.2514153326924,3.5908236923966332,1.1763322019127482,308.95127429823475,9.069766401240178,9.200005038499821,6.149599656801064,-4.80932978674797,3.4139196977033603,18.439584129564416,86.22759609932135,1.7207100106059008,33.5569839154946,16.255627048219317,217.58656933365336,5.51565622004347,138.75468675073853,3.7814760064262316,8.544303797468539,11.603375527426408,0.9024716153489161,0.0,7.956848395540979e-27,170.0,1.1172235653732199,49.045659955638655,99.55613902425533,108.96353433540611,57.481767167703055,54.40491963053035,292.76751465480004,26.01416154458278,2.0,0.9438703038473953,53.56378676416203,9.267191693003737
EB12,76.0,0.7091837962017564,nogate,134.12450467726063,120.83333333333334,22.37113099863958,3.281873821445616,0.0,41.615225656148695,3.5416745590523,0.7285985655517244,322.60709296298296,10.457896544474893,7.808148352862303,5.018272461057258,-4.677964382341344,3.0706161207321827,22.730102314609653,92.61820798686156,1.3752409814351265,13.91301915842783,27.98985703924057,183.0138006715769,12.881857587309673,19.723680536501213,1.1084071572322787,27.38636363636422,50.00000000000106,0.9409719524269685,0.0,7.397989555961789e-100,273.0,1.4840460160811881,337.1221039996618,90.16098528833324,100.98940067388813,53.494700336944064,340.2616585912234,27.6258906841926,18.58290861273158,0.9520941597704895,0.95,340.97571616792334,9.769504750154821
EB12,77.0,0.7887489034924914,nogate,189.67522318874217,170.7317073170732,87.30225946108003,57.290653288917596,0.0,41.40963674248212,11.384859719757435,5.296941926198185,315.51274349311416,9.373439683518098,7.426568764419163,5.0,-5.0,3.897653572971485,33.267409033912536,102.8722832014704,2.0,47.64292625400759,25.472059921177316,161.04661709345555,2.8175101721608757,34.0204269566555,3.7946867272681617,24.24568965517293,29.09482758620751,0.915557081257022,0.0,1.2455249039229502e-87,276.0,3.426524878060408,297.5068918766212,-7.847998040566608,3.013204556584867,4.5066022782924335,302.7771140114207,277.5224958462915,11.106512718324971,288.9114565545406,0.9222891073080867,300.78157808468706,10.366369638714183
EB12,78.0,0.6363604576972293,nogate,124.77486232621233,106.48148148148148,74.03005463318715,25.13189762588389,0.0,45.47930472323737,7.290357691436537,9.326054362688534,214.51019719123295,13.504493905935185,5.200002587725794,11.199647423945049,-4.709168007953149,3.104312239373637,21.661998063820512,166.8016798747981,1.9865867169438067,43.38983523135151,18.889989726136903,161.9320934087312,13.133753586786419,71.79349299913312,4.8371530712636455,50.786163522013666,71.70050761421471,0.9372600657850496,0.0010000000000000009,2.386962505582152e-175,451.0,5.551261157911839,338.9711494929227,154.70300667482059,167.03740869332864,86.51870434666432,339.8962374838349,354.7720711060481,14.416305190607465,0.2594374113697015,0.95,339.99004199462325,7.044708252868205
EB12,79.0,0.6296827314058073,nogate,132.6907076530431,162.6984126984127,67.12851401884545,0.22864609506428746,0.0,32.14214491091852,8.995783498682812,8.976491446729796,174.40573229177545,13.11212132376687,5.599999994698096,5.0,-4.962498488753005,5.050859708109799,14.75870781076786,102.71044125012372,2.0,30.685670487339483,14.783476150891742,173.34246213361084,1.4078240497974988,8.115076759303534,1.4414529588274,113.2812500000024,134.11458333333618,0.9148045922013573,0.0010000000000000009,0.0,1067.0,13.382780638289653,158.20145960039744,1.691675205331535,16.60949395923683,11.304746979618415,162.0815234071056,188.0476635216829,10.898000906247967,4.348463237626813,0.95,163.2283827333755,9.365561014640658
EB12,80.0,0.5125191277398096,nogate,89.4324562211987,96.49122807017544,57.33058684117758,0.0,0.0,45.008180456114324,7.4745463631363505,11.246831154819592,182.20324871060515,13.184902999065585,6.599999949056478,5.0,-5.0,4.085980411524303,10.99700848884744,124.84240420987587,2.0,27.98420673356231,16.37852800691449,183.54116359183496,8.855309343442986,145.50194979187285,4.406020981213352,47.46666666666768,75.33333333333493,0.9319992655954201,0.0,1.6801104890345005e-166,761.0,7.996852539720503,47.978591591289046,-1.8902242646690581,12.013675808915991,9.006837904457996,50.45342657311575,67.75973426971001,25.838036658651294,10.79679699035658,0.95,51.2788161221688,22.021899353714154
EB12,81.0,0.29667028378091054,nogate,30.69599338956904,59.52380952380952,19.65481956953773,0.0,0.0,47.46232212469476,3.208186410974903,2.6244877549235253,197.35039763588384,11.847161789679996,8.152838227181388,5.217967699289198,-4.4753743080806245,3.477640998902839,11.580561225171854,92.24196922269418,1.8898200370647498,21.919386489830178,31.54177345555247,153.59023197039826,9.715664656157648,95.65337556133919,2.2200465759072423,13.120567375886804,21.551724137931494,0.9181688018902469,0.0,2.4230815272725364e-37,150.0,1.5120217827906115,57.94650601555525,100.35691723576231,109.38882311805108,57.69441155902554,61.437769779054605,43.67371142625647,39.437304652474985,2.0,0.95,61.00007197276846,14.156865812921394
EB12,82.0,0.6250134898552794,nogate,134.7546793560876,123.80952380952381,74.69308830116032,8.153262402786321,0.0,36.579462933801004,4.391743306038006,11.910926558572609,275.29078779291666,9.22022503693073,7.800000289049802,15.206012594311703,-4.957252461351211,3.0,20.425250828970174,96.18802392567424,1.6277965892480457,42.66850820635393,12.509559409569178,144.67807914123895,8.596009621098078,74.6407074706742,3.63379884520859,34.03508771929897,69.78798586572587,0.9089089514020686,0.0010000000000000009,1.5402841383195035e-123,447.0,4.298868907002483,205.70143606607888,67.60270860265453,79.91038438649525,42.955192193247626,209.32829655451667,213.29211356809543,53.40457916058205,5.658382631848392,0.5605249107223884,210.98448908097674,10.964783675188636
EB12,83.0,0.5613914427756961,nogate,119.64906523411408,113.09523809523809,77.83435732330786,0.0,0.0,38.241862993713255,3.347488862807606,12.1617737868891,155.24552509309333,12.393254761889077,4.006747391551586,5.181799862158,-2.722527042335313,3.5809547095332634,8.722358301767805,95.48952944015352,1.4618145456532794,38.284008109960865,5.323263093232855,126.37582834957779,5.097887486149457,52.74395484869139,4.308715870074262,59.64285714285841,92.76729559748625,0.9129715373758214,0.0,1.03435236769975e-230,836.0,8.326547263713305,196.59907321456225,103.29214072067188,117.47802655992598,61.73901327996299,201.0222334244731,212.31366200849905,8.67306750224979,85.64866627821205,0.594893662719744,205.74534020860943,12.07912755220057
EB12,84.0,0.6584336464985259,nogate,147.4691000801152,161.6161616161616,91.11135068550931,19.4364784845489,0.0,41.71532075325261,7.350069718301618,9.392250887225998,176.22792483959597,13.27278467776872,3.5272181674223755,5.046716062249064,-4.093568039144016,5.997120926638791,16.43149619923914,91.09934635498358,2.0,42.521700191336336,7.2275623794985915,104.30337979889885,6.9843893983881475,72.78238387372845,1.773692433546306,94.40559440559642,128.99709302325854,0.8985731814057689,0.0,0.0,1398.0,14.863548794542803,136.3092689296265,113.01863867376869,128.74703244215004,67.37351622107502,132.19328998043048,150.69797071787016,20.455237618259844,6.128922053382909,0.6651485042071091,138.10185686072498,9.211577120066373
EB12,85.0,0.6534786898038782,nogate,225.23884377509017,137.2549019607843,40.79897169097651,0.0,0.0,46.13521607978941,5.999395411658627,10.94380136898836,369.3790349033409,6.449355200392411,6.000000025161577,5.34163689257323,-3.4205350249582036,3.951312754254154,8.75178812458269,80.95417038547708,2.0,21.32104044655637,9.98918262659785,99.9873057236599,4.37041348684891,131.3112452880012,4.010448336941505,69.21875000000148,104.79041916167887,0.824795979691741,0.0010000000000000009,5.130462924047751e-181,643.0,6.962204864231591,255.7321164371044,266.5382965265644,279.93673069927706,142.96836534963853,261.5740274348425,57.43594120687049,6.7927544193088645,3.0627637290366936,0.9297347178238677,263.23896973622595,2.942018350647124
EB12,86.0,0.3014257611903173,nogate,150.64054045151752,138.21138211382114,48.70410629322748,0.0,0.0,10.209356533803032,6.922345584884031,11.323383173686164,179.14221978199498,12.055687677333367,7.744312280404354,15.315911043721986,-4.633441234539227,3.462716952455873,17.428581596515254,102.02929176277364,2.0,4.989307714974558,35.52036346030065,387.5604963969285,6.559907678495038,56.986903837439144,3.290402991359623,59.22897196261809,95.79439252336653,0.9162513660763001,0.0010000000000000009,1.929338738077111e-223,593.0,9.984785409618667,38.50163175585549,-1.9575631291777995,11.198020067815378,8.599010033907682,41.00277222056844,69.29605501199042,19.42966917474022,54.19366520156115,0.8797912198455874,44.36197802559569,13.912557754386313
EB12,87.0,0.3586072660671936,nogate,124.45951095637909,115.38461538461537,68.24037420811814,0.0,0.0,12.647205757933746,9.49889980966638,9.645508328651657,166.88456043700836,11.274843277206509,7.725156420877917,35.00932393324284,-4.521532227977098,3.4930158790576473,9.701420959873493,97.66474173346386,1.5699474684870722,8.8703234275894,14.264233967001257,315.15657537370777,20.321543441012295,111.26675550175983,2.52045714017275,103.52941176470809,128.676470588238,0.8585499164992602,0.0010000000000000009,0.0,1116.0,15.304065450935113,217.24050876311594,33.030052881071015,48.082571309894774,27.041285654947387,210.3769060710043,232.50282607679335,8.875575171202062,3.199189930961268,0.6346173028770631,217.75171369650678,4.615467211699043
EB12,88.0,0.7928594251355697,nogate,298.23060155942585,271.9298245614035,149.83457940825787,53.57998376680412,0.0,45.21259936174097,6.7800956686273475,12.721003284873602,384.84345076697593,5.401113034638119,3.198886880047262,59.85364864260418,-0.3262352792664906,3.0,8.382898871105448,117.92052383196622,2.0,69.21648067322184,37.84008765663017,169.94425835912836,8.384587938509666,104.15625692927856,4.134851054692,119.50549450549704,168.95604395604755,0.9059210159145649,0.0010000000000000009,0.0,1055.0,18.48179499397371,41.220038622693565,5.406635732475365,20.290523870205902,13.145261935102951,50.29981161812892,39.588407357396456,11.565041775715207,3.172188443605593,0.95,49.85440898569409,10.012301855220072
EB13,90.0,0.4542940166853522,nogate,158.2464080837559,154.320987654321,82.11732428934586,0.0,0.0,12.938000741852921,4.142965521213838,14.986915347026333,165.52158073021715,12.761953513548647,7.038239400126762,10.913312732355491,-3.62507816047622,4.150657220578619,13.026344335124612,80.93197152671549,1.8768193135564977,31.68723646934949,21.870901205047208,263.04486106626126,19.956270937335496,11.433115181615818,3.8432396321277644,77.0325203252049,150.40650406504386,0.9125695203865527,0.0020000000000000018,2.89630043377484e-255,405.0,8.222462060950981,144.20652355115433,245.5387556314997,257.5504168328193,131.77520841640964,148.07880781987438,264.85138003647995,21.580507368664875,1.600107689407817,0.95,149.04122363497632,8.733072865262024
EB13,92.0,0.5683167351225095,nogate,175.024960165607,181.8181818181818,75.64210839635055,0.0,0.0,15.102355999346653,10.437721238920403,8.395199743283236,149.18346210927768,13.954946030386386,6.045053967338446,8.274318919268772,-5.0,3.929049342966877,8.227459061386623,164.60123789299269,2.0,36.70589381731654,38.10774296092796,201.66232991131722,15.125608120854858,108.38676709356729,2.1199894140458646,110.46798029556885,171.18226600985585,0.9247666801904194,0.0,0.0,1072.0,15.80009810210165,81.60129381822131,3.590128236238172,18.52197226113043,12.260986130565215,84.41232726517805,120.91255064261811,14.286053238736116,15.783219014227853,0.9492772648502249,86.16381121101713,11.46181757370596
EB13,93.0,0.8029649713869944,nogate,252.54982067324036,250.0,121.88427456296353,0.2613021973900088,0.0,40.88930815091075,4.2150339548943245,14.166343343314232,628.3840595366584,2.650372265528004,6.549624988704178,25.296798883937413,-4.763941094415894,3.039718267297634,8.0,94.11893923079512,1.6667818602624995,45.20880647586919,20.283557851445178,202.35697828685184,24.992809583152386,114.38653826946532,2.7568411504948473,116.66666666666913,176.69172932331202,0.9248680027331961,0.0010000000000000009,0.0,741.0,14.753127025817376,344.28423040340857,179.2786864619303,193.10268833781856,99.55134416890928,349.0524563992049,313.79134191596034,9.060453780798866,0.6317209781093978,0.8919990335483288,347.8128762294416,4.094021917097512
EB13,94.0,0.5999766724503566,nogate,119.0045558694788,105.07246376811594,56.78367073883821,0.0,0.0,11.33347654488514,5.594114879439813,10.379750074303637,172.63178210354198,12.17362798399372,7.626592870458724,6.403176516463727,-4.6038566599407025,3.0684864155841716,11.943350362895632,104.9324580063802,2.0,43.925639519358675,32.263025496126026,158.33410561445257,17.71494146026685,106.36060944669981,2.618775692722505,37.225274725275526,59.06593406593533,0.9333839685297112,0.0,2.2302875946047444e-126,278.0,3.5236903533019266,319.68636862075783,38.63736844741073,49.52023178848264,27.76011589424132,322.11071377792376,309.5448030362205,28.087640319988957,2.0,0.95,321.47924564538187,19.286984249822282
EB13,95.0,0.49219271112258167,nogate,205.29146508129526,190.47619047619048,86.77347405526761,0.0,0.0,8.823965337790797,5.3257852527482505,12.229088392623208,169.42444100437692,12.399658282402582,7.000356750289174,8.941946034391572,-2.1192581734079328,3.4613794021553486,29.50388206915955,110.90956678450321,1.762083820767163,14.82414020912276,10.484754256593172,420.8878454092329,0.8198502512517604,36.55300332672622,2.233789257070922,99.11971830986127,212.14788732394817,0.9275533693480174,0.0,0.0,632.0,12.257754193238064,198.98956776634,140.84074323689333,154.1874114193339,80.09370570966695,205.20089041179193,201.4604031704,11.208313198813082,489.6705524070769,0.671844228943295,203.93559388445848,16.134181472887374
EB13,97.0,0.518922439207709,nogate,111.56629392372363,108.10810810810811,63.399330199564574,0.0,0.0,19.495552119682884,7.114338921335876,9.380632414380681,198.17868675396525,12.306702828637412,7.493294581809369,10.053017413085803,-4.172498098928505,3.777058677366961,18.227689290648808,82.88224205944805,1.9643081823838646,34.393663955207366,19.677601076056874,168.07931398988558,5.470760010142348,132.24011492665377,4.06858016608425,40.094339622642366,64.65517241379449,0.9242955655743075,0.0010000000000000009,6.838126021168181e-144,321.0,4.867471341056589,348.9561373321353,46.973383806341474,58.2877071757315,32.14385358786575,355.80584088724913,207.27945012964355,7.5516259702499315,0.3881536032590557,0.95,355.5429044902936,4.703895644882981
EB13,98.0,0.524381414129533,nogate,117.25506117387175,114.28571428571429,59.904722143986234,0.0,0.0,27.07735446746666,8.642166505475867,9.02680655820998,162.1754854622293,13.582856815756854,6.017143940422156,8.32912684770511,-4.352922011622169,3.1358827563717506,15.623398997444129,112.66189621486119,1.7609218780017066,24.616760309107818,12.208412026907892,256.97023095715565,13.184369787339374,47.26267279162856,3.065588975440459,57.86516853932708,77.77777777777943,0.9039962846217868,0.0010000000000000009,1.3528178440775967e-211,355.0,8.124782004088482,320.69725459575335,-inf,-inf,-inf,320.0029574185228,320.0029574185228,9.574614948898466,9.574614948898466,0.5,320.0029574185228,9.574614948898466
EB18,102.0,0.3149228711961646,nogate,56.50405094549566,58.55855855855856,50.39114175948702,0.0,0.0,42.095493028305484,10.902218613827552,5.181587188627005,152.66811125457147,13.953776079848376,6.846220801711547,5.195602545590062,-2.4439014336431026,4.500732273050349,8.676212589166127,100.6515145374346,2.0,18.63830365445277,20.459652245901886,97.02847488279723,13.426146807162063,116.65623378697158,3.664648730468361,5.243288590604139,7.352941176470745,0.7430072247539558,0.0020000000000000018,2.8047464637108467e-21,268.0,2.1391972454802275,65.56823094971531,34.71757081891985,45.49053176045237,25.745265880226185,56.17710113442274,121.01944455892202,3.9672166741048946,43.714016819198946,0.8062327110746474,68.74757263445888,2.8211601116101543
EB18,103.0,0.7430341473551962,nogate,166.36883221579376,153.50877192982455,41.76755613452753,8.48715603221703,0.0,47.61055213230727,10.904955873570511,5.162872050063924,233.36797461892138,11.765742983612443,3.834270510235304,5.0,-5.0,3.7867047789888515,14.761961457977879,100.85854308943797,2.0,37.26283718505562,21.63077833407215,62.80693688872937,10.100265113444154,139.66682913224102,1.4926463398600953,40.64960629921347,51.181102362205806,0.7911398913315087,0.0010000000000000009,3.280495829323137e-138,825.0,9.32294828464532,322.4270994699508,22.471132953214692,36.61728311221873,21.308641556109365,312.94119974491184,359.85072609033557,5.166841933521349,2.223549358029829,0.5872373974450666,329.68844770814496,2.5019961586790735
EB18,104.0,0.729291963434749,nogate,201.4262012884172,197.36842105263156,115.74972133189118,57.71442483672051,0.0,15.073330421367032,5.665656469883316,10.137154921267738,205.13200333860433,13.68841578113738,6.711583949722368,29.79265029822543,-4.850981087243099,3.2047662846168516,30.505422511967424,127.04103095137467,1.9820538340305458,55.88467366040594,15.940279314646816,161.83730445345964,9.736266277385587,14.845484087582577,2.843624788671889,33.916382252560446,43.262879788640284,0.44124190749746944,0.0010000000000000009,2.1733997059663786e-45,2226.0,12.71019208948706,160.70190660690508,477.8891330682118,495.01301766371853,250.50650883185926,140.60158141447164,251.85265732919453,3.6920525073619794,2.3117804387005703,0.6828369481922774,164.4944335843159,1.2949806871091867
EB18,105.0,0.76278957381096,nogate,238.5656853308866,226.19047619047618,125.412659249772,47.13030175686623,0.0,25.075102419726015,13.050313462830507,8.231139596485287,237.26937491695472,9.22336408447837,5.60000047437559,18.15809408456687,-0.17393825876277563,3.0,11.023098519792795,81.1425177314416,2.0,37.549769269901105,27.59686895645328,373.1279738663762,11.361669399122578,28.954688789549927,1.0,79.34782608695821,125.66137566137833,0.6864716353130524,0.006000000000000005,2.2811254228518214e-209,1200.0,16.410848883980222,322.31367352468794,81.64064964807585,96.91088015540436,51.45544007770218,324.83259024352066,332.83351094120314,1.5607624332130647,50.82194987894959,0.8093064020239453,327.03733241460804,1.9065223610571218
EB18,109.0,0.7922113924558436,nogate,99.94065071845117,100.0,88.7732690748215,34.785869739951536,0.0,47.6804548408958,7.001184429888962,9.657948734343627,186.69041288401192,13.274123163821418,5.599999745620909,5.01312811772071,-2.819283128670536,3.070936620366596,18.262981239470225,91.358813306841,1.213392176075978,41.07239442357729,19.886996633584317,291.6220849884114,0.2399337754011286,80.03805247420887,2.1587703533467115,20.955882352941625,28.054862842893364,0.6642080312711922,0.0,1.7651384329599628e-43,615.0,4.732193256924699,332.42400469729824,172.92882332195654,186.19369012537618,96.09684506268809,344.97272664978277,207.15421190977824,3.2343109970849824,12.348596588500909,0.8870293953306223,338.62112125268203,1.768466719402627
EB18,110.0,0.7816973660541242,nogate,219.49126730010835,214.91228070175438,96.79704564467096,53.94140854521147,0.0,47.27393553812143,7.044529855365368,0.16618226502231107,603.232304898429,3.4077196560923255,4.192274420737661,21.60218197486088,-5.0,3.0,8.0,133.9001413083003,1.8815350843780894,51.43188438239108,17.635786529477244,275.92830393948987,28.798785030955734,30.299402635113992,2.932668330437175,38.416422287390844,44.28807947019961,0.8460851815075482,0.0,4.428334866439614e-129,805.0,6.822151840591143,139.65188970173233,-12.271315315605307,1.8012115166502554,3.9006057583251277,140.67714786794167,143.05679379037477,6.88778626995728,3.121190306961011,0.6103476097980144,141.53718018612142,4.583147809319116
EB18,111.0,0.8450191204955239,nogate,296.4183083367118,285.0877192982456,134.20418360873037,42.453447403106466,0.0,43.1228701487364,10.731232843619777,8.714072334144683,694.0654037754554,2.9621324286311443,3.637867568983356,28.257943627269132,-2.610246488706474,3.0,8.34650798951741,190.7827171650099,1.7758692040017559,57.49315359073921,26.972927438191604,143.18549860848773,24.84360329983149,57.809093294702826,3.5850249034245816,110.73619631902078,122.81976744186308,0.7642858276762275,0.0050000000000000044,0.0,1613.0,22.97002248299535,279.87160358839526,72.48472135782004,88.64227459219592,47.32113729609796,269.0377022856512,318.17576509728343,3.4442733261920515,12.621965820485606,0.7384369454637729,282.6467911646472,2.945769487924362
EB18,112.0,0.826866227133959,nogate,325.7611810282256,310.8108108108108,154.0300009464849,60.94707526325382,0.0,25.58286594854362,12.90118401171922,9.036454229290586,237.31378193855954,9.22336408447837,3.7766359205449973,14.263234615846338,2.577607281603582,3.0,11.096481714003653,81.07035505936777,2.0,40.8170335760997,25.525592364980564,380.9027477244986,6.250318200459894,28.954688789549927,1.0,92.85714285714482,108.44370860927381,0.7297338347280964,0.0010000000000000009,1.3205035742551616e-267,2577.0,20.593679746143938,25.56192941755778,93.36727540536776,110.93041903732501,58.465209518662505,41.8822937328173,323.9968118959018,2.104881947788951,130.19180492568972,0.9478538852159357,37.66606077473625,1.9509380514334698
EB18,113.0,0.7622348832527843,nogate,169.86316111147852,145.2991452991453,90.17159943958181,16.30135444848412,0.0,49.86438464144163,3.8956277666635795,13.513899573809484,230.07553490668494,10.509051031406122,4.000000068884102,5.000055891575696,-4.768885653702037,3.000127820805752,17.950358137035924,95.28020006307881,1.245308782284491,42.14210931329394,13.465400153163754,253.1196659448783,0.8329481202475403,34.741734404950684,4.353135592562672,31.60660660660728,42.04545454545544,0.5626248060353578,0.010000000000000009,7.234343700603659e-48,862.0,7.443465069424559,6.207469586347974,393.5758999821128,407.85366579410356,206.92683289705178,41.1281046513625,288.28552943925325,6.309934543897071,2.935147038238195,0.6726126405140567,15.829027789898095,1.3884317395362116
EB18,114.0,0.7104616484277333,nogate,199.7636470149852,213.67521367521366,78.91607483815176,7.780799742761387,0.0,28.0061351973889,12.574967108461678,7.377005572552351,157.96984320734268,13.775142724228422,3.4248572808145146,6.663049025595615,-3.273111393974523,3.3420328806766872,16.8205165783812,113.57212088798734,1.8883585489669004,43.328350561334986,24.165272659888696,120.74106991987819,4.479972422679449,57.79210559334814,3.5053447777065596,63.66120218579371,73.08743169399064,0.6909793514328535,0.0010000000000000009,4.985142190292302e-213,1363.0,17.459236589436124,205.1188955977712,159.9697275219878,175.6220578170778,90.8110289085389,244.01278908442032,169.62160363995795,3.8244324777115475,4.62195951624401,0.589037170656554,213.8781679563101,1.9894145540435315
EB18,118.0,0.7868229794250907,nogate,204.90528968547687,189.1891891891892,84.6162158065111,28.79775168435725,0.0,49.669491101646294,6.988891168063273,8.630990884527748,235.79747056700194,9.421308314098518,3.0,5.0,-5.0,4.513868939684671,8.0,80.0,2.0,43.32858286064046,5.0,211.50591227443348,0.0,90.83452401617126,0.40732344537241927,48.030821917809234,62.50000000000133,0.5207747511373044,0.0,2.520249967373235e-94,2094.0,16.022016423561514,41.752705362885536,97.63822723684007,114.57872141113148,60.28936070556574,19.49951701987517,97.90939028383049,1.912296187863296,4.4000597862250945,0.7170398952033394,43.74204952462327,1.4797370273790986
EB18,119.0,0.8310163521852828,nogate,196.89872536976043,198.19819819819818,109.0959851242128,85.13070198749966,0.0,46.570722580993625,11.535567806409059,4.381797559973582,308.4074720244737,9.41637272217364,6.3834939964108015,5.982296269797187,-5.0,3.0,20.38071460397479,87.56420256780602,2.0,40.81718710777051,5.618514209602904,285.90964100405597,3.717840264594092,10.463590922761114,1.041501961733151,35.57401812688897,42.02279202279291,0.45285283026564593,0.0050000000000000044,1.5191335511761743e-40,1131.0,8.710900687105987,31.503036436654938,475.4358532892734,490.52842571762176,248.26421285881088,83.19302382454036,330.08201522888254,7.697007967608141,2.0873922418971933,0.5421005529967298,44.7023539062159,1.0984430645889351
EB18,120.0,0.7870719920740589,nogate,280.30184489752537,250.0,65.57529794149404,57.74335139186633,0.0,40.04551568288497,5.0014122863263575,0.35211757240582964,475.5551798307888,6.919936359745156,6.880063645727612,5.196709705397138,-3.6660157978619847,3.778320478874776,19.110515354588046,104.79404019232119,1.6070102675030136,58.79970656747651,22.00753428548647,91.73191920259266,2.2817390186145117,77.75952006880432,0.3796416913914453,16.266025641025987,21.30325814536386,0.627573535944197,0.0,2.1445616905602394e-31,373.0,3.5664661158946593,31.964874444017628,153.19211136757554,164.95684662650694,85.47842331325347,70.49307816441573,343.52041053328884,10.652682071893548,2.8495256001883993,0.638129391576687,45.616937121464694,1.9249923529693305
EB18,121.0,0.8504018778606183,nogate,348.3939101977603,319.44444444444446,138.2261450229381,79.23098792518313,0.0,36.190209229600654,12.675256207227973,4.889698655502548,572.1813530931729,3.7684073389039208,4.200000001193294,12.65837838054379,-3.1359373952397513,3.078388654107268,8.0,152.3471770976366,1.177944416312141,48.515723610013055,26.738070149625905,236.51297398011354,14.940617542064002,85.89341714695539,2.0726858837575306,74.32432432432593,80.59845559845732,0.4346648034918962,0.007000000000000006,6.888730406710708e-121,2938.0,28.1358765560921,136.91718692903686,263.4689076343984,281.42536070459937,143.71268035229969,90.70762658361795,194.222804655151,2.4501251456056914,1.9134410633600125,0.5473717565363972,131.93130050938052,1.0260958903102377
EB18,145.0,0.3686177594236201,nogate,157.39630223691668,149.42528735632183,81.82262142947204,0.0,0.0,12.301842137392876,8.833785782187356,10.474289378804304,183.23400544549,12.90290168176656,7.400042674268318,10.785349351174666,-1.3245466712099714,3.5009760080696917,30.787947293380665,111.04338465340047,1.9923151207282648,38.756697975136426,13.725378717532468,60.029648104403314,12.067624123177858,103.34783396342578,3.4891016971829725,69.02985074627013,86.75373134328542,0.7241923140967842,0.026000000000000023,7.669360974567579e-250,954.0,16.54236197184955,178.26022693780482,39.19133730231715,53.77332831666217,29.886664158331087,158.77120430917032,221.1128538505404,3.2684698040773483,4.925999370673377,0.6294567957822979,182.20936255005867,2.252184559235437
EB18,146.0,0.6587678253033576,nogate,150.50895072394638,139.53488372093022,47.66563769153865,0.0,0.0,47.05495985059566,6.731750595451781,10.343012171732918,209.79900822869794,12.183575627819451,4.016425144112713,7.708007693831962,-4.534100493376227,4.078872478998052,8.0,86.7626987177423,2.0,31.765962859150815,32.40392262169793,106.57546906224675,2.832308569964133,66.55771015763973,1.798357337306478,60.8593750000013,72.79411764706036,0.46807596976835153,0.04800000000000004,1.212073065314417e-85,1860.0,20.440467906487278,276.1321394470805,223.74904279077873,240.33403809090032,123.16701904545016,291.07700763185045,195.71914373738915,4.578403759591444,0.32949714797722196,0.5704890968686728,283.1199598477543,1.1575377385721115
EB18,148.0,0.672960576043111,nogate,121.8278713718278,130.63063063063063,109.64426709376092,42.86802358945288,0.0,32.59977098494613,9.542328286394088,7.673708860363251,161.44885828153053,13.988504116255983,5.250864341316216,6.435214937031006,-0.4376233696746681,4.492762350693933,16.77272940005427,96.7324362258326,1.882452163305429,45.36468496833564,39.36329010478231,324.53654875956386,5.417161894373317,67.10461504113327,0.2353929645547117,71.63265306122602,96.93877551020614,0.6434052039888675,0.0010000000000000009,2.0190234246469797e-208,1892.0,23.68289554190771,164.9532949075955,99.27680418739783,115.91297343623319,60.956486718116594,165.91719466927833,288.6903921927831,2.509861807961569,5.312744853506325,0.9268761749994836,170.60534103460714,1.8743003808821257
EB20,150.0,0.6568103221653524,nogate,140.80833193278127,131.57894736842104,25.773966511037173,0.0,0.0,50.0,11.596602261876983,5.180935607830654,316.0155133966442,8.574424713188007,8.02557634261118,5.444482608798201,-5.0,3.5889121019175554,8.0,89.32082397146539,2.0,3.504406561771938,15.84593804435992,260.4198420786539,13.588373079960576,120.89470702901139,4.65485190167195,23.705179282869025,34.56591639871456,0.6197109196852346,0.0010000000000000009,2.4637326723290014e-52,460.0,6.057464798228482,295.5111075893186,83.62708869291691,96.02076816136628,51.01038408068314,301.9841659666014,156.13851717195345,3.316813996099888,17.21495711359576,0.9360206131336382,299.24051619540904,2.1947216468454256
EB20,151.0,0.7783254221446654,nogate,301.534347862266,189.8148148148148,91.9870037972679,31.23491230480918,0.0,34.65271915329419,6.210168478248561,10.646741949535153,509.3380702555194,5.153495639728788,8.04650429531275,9.013375833841877,-4.527904761769992,3.1172931034034432,8.475495747856948,84.28562990903971,1.3145450137141923,44.26226439924115,9.265268728874421,162.7558874970654,5.300188529424509,95.3761166057001,3.3640084688773757,32.84023668639123,40.354330708662275,0.5649815920582051,0.007000000000000006,9.08622048449152e-63,660.0,6.8020648595435445,154.5460274641215,255.24910406708295,268.72582357214446,137.36291178607223,153.85484289352615,286.7944163016078,2.308495251244102,80.29801906221438,0.8710812608093361,163.35874736795657,1.384960404389013
EB20,152.0,0.6307800204233844,nogate,170.49909218188475,162.16216216216216,82.09803817728235,45.45273203452753,0.0,24.11590192290155,13.449312846375777,4.6643568801704545,196.96183910850345,13.128156969673476,5.871865919440114,5.587339449109765,-2.9813355498160443,3.235291793480287,12.431581035166264,120.58371424330628,1.4508685295185542,37.84646305075813,9.662959991013542,156.3134488105283,17.35983887753789,31.566044539798696,1.0776433676165973,47.48603351955409,55.66801619433317,0.7316362997902143,0.0030000000000000027,2.1685700453382214e-142,803.0,9.588966502862121,49.41144242884882,36.45317629868032,50.518240440520685,28.259120220260343,64.90859538920837,39.80219871758283,1.9257162528621947,20.578040990518765,0.7458549866954476,56.780903254730646,2.313497877315252
EB20,153.0,0.551482355509328,nogate,171.7505152803329,166.66666666666666,60.70989335656816,0.0,0.0,26.608653545211872,7.779999798814712,11.854991722123225,213.93906929946152,11.148742088801697,6.229053528278088,10.884963254589032,-3.7501100809744905,3.048099372535944,16.958014464984487,138.5717743525987,1.3043011797030453,21.142808973753347,7.56661278141063,256.4527772430642,1.1168733439841283,24.936499237754184,4.055709546482436,70.45454545454696,112.05357142857379,0.4619241688655312,0.006000000000000005,1.6431598600237756e-106,1531.0,22.390569928484727,266.1549680861466,663.8243431848468,679.8253723718199,342.91268618590993,296.0120364423584,180.15195252511566,7.885564876799122,1.1245141181740932,0.6535929542073295,280.0841247987396,1.3479634666305365
EB20,154.0,0.5875449500245673,nogate,159.85352378578634,153.15315315315314,102.81464204487784,6.917078127586668,0.0,22.872736933804475,10.341712758772308,10.226053049276464,156.1635171069259,13.554208844026823,5.645795693644743,5.336299540064309,-0.7914122339892886,3.8359011955187468,22.282287047059118,141.66627620721357,1.8882591457859994,42.30046699315808,31.775583087652603,178.0906201543914,2.28980121454703,135.3491610455422,0.7089541972750033,69.70338983050998,116.10878661088114,0.7741699667221573,0.0020000000000000018,2.3867282450846204e-210,1261.0,14.033664769692093,355.8538098054432,96.93709253403222,112.35607354192689,59.178036770963445,4.628505711174627,17.45085760524448,2.03187747258712,136.45348696082607,0.8449473701701897,7.261391470151367,2.332630052635217
EB20,155.0,0.8371166082182133,nogate,287.3995425453974,280.7017543859649,132.19458261846353,80.84592919543675,0.0,36.20575691600964,9.93301475051252,9.355782516196285,324.0927185588427,8.551220357745796,5.848782784296149,6.8317005019337405,-4.825475211319842,3.914234990120658,27.578829061200015,144.59226390829397,1.974878732458258,57.01105838951986,21.83829938954521,209.04095114530483,0.40320837550280775,6.063630377384712,1.4962035285844784,63.61111111111247,93.05555555555753,0.5886024919387449,0.006000000000000005,2.1454528544619102e-170,1246.0,18.403530642026222,81.66012229119599,56.59627584656255,71.97935694460466,38.98967847230233,95.63880705161036,4.6797776446907795,2.063760718321172,7.179143552847401,0.8540739408031759,82.99646710560323,1.5861587683456748
EB20,156.0,0.623334160919973,nogate,265.9588798315874,222.22222222222223,119.29453536474534,81.77356723701425,0.0,48.86759953815045,12.641434806216344,7.123149881377446,385.4989034156162,7.809052236606474,6.190931501260034,7.627420349116926,-2.2340425707117157,3.020612180479573,14.196483095961161,184.23250972382257,1.010842884782013,48.85406302145114,16.12042284645122,162.57929400321936,6.749208444699348,134.8320587660635,0.43448699936489366,57.512953367876875,82.25388601036445,0.8138100226794588,0.0010000000000000009,1.4760557724576347e-195,978.0,10.517237300274655,357.39572424993725,40.51686252187665,55.173391531981224,30.586695765990612,8.23039721795615,320.518437907424,2.761138842852053,68.96382303027836,0.8832853870907272,1.9351069572144963,2.6561783499492653
EB20,157.0,0.8638781777689803,nogate,282.1234258063218,273.5042735042735,60.31329189043055,49.14074630197514,0.0,40.52554125549593,7.326952565561225,1.727258235944542,433.95984705093434,8.000031977159223,6.799968019479681,6.218356176153009,-4.822692631945068,3.3683432919855907,25.494413059768426,85.70062347414722,1.6570027508151615,46.01618180070565,16.202170493978212,83.84586560416157,12.244808863330533,129.53719033749752,2.296471494068719,26.18181818181874,41.36363636363725,0.84815512704196,0.0010000000000000009,7.975553624486995e-99,469.0,5.180436022609235,280.74774666146453,32.34307677302763,44.79488507836652,25.39744253918326,286.689137272091,244.63414361996635,5.923741227510466,321.5142314446457,0.8982393438707287,282.3358521418946,5.128278513872148
EB20,161.0,0.7402602166021128,nogate,221.84113349205916,226.95035460992906,120.18417696562983,76.97064748168002,0.0,24.465978435950422,11.563658907628426,8.226294937426083,206.72504731910638,13.681385623782504,5.118614387920676,9.313877777780188,-4.985237258201405,3.4922807038175656,22.417621274125388,116.2001978960946,0.9981043005727404,63.49652555742038,34.30334405327617,132.6616992146211,4.201230947884495,123.67024846717587,0.7788553139908376,58.992805755396944,95.34671532846917,0.6841185862787079,0.0020000000000000018,1.852865712636943e-154,1405.0,12.758748324108895,13.740141234538248,78.27217472718121,94.01555247248461,50.00777623624231,18.45778616181012,32.293063433745814,1.4930537422195242,156.56929255435998,0.8828017395292412,20.958576129654773,1.685222244841842
EB20,162.0,0.6676337061334673,nogate,193.45978905805913,199.07407407407408,113.11609675754315,56.09501422700879,0.0,28.274630385714406,12.467693579635624,8.257258660637126,159.8818577096557,13.716836081311888,4.083163962089814,12.227447950999387,-3.5709208900859233,3.8293985722815753,22.143736820338344,122.33897272612603,1.3242700331503683,38.837642714422905,9.782346232058744,227.48060936726213,1.8132630789512623,86.61769046010428,1.991241305959353,32.40384615384685,33.65384615384687,0.5102634188773826,0.013000000000000012,7.090111123844304e-67,987.0,10.002882289486454,128.56121235070236,133.3125844091619,147.9965945274621,76.99829726373105,139.78829041305121,7.506667231640054,2.3193020651537632,4.233546335828857,0.8340153937039188,128.22016780514633,1.2665993315622703
EB20,163.0,0.7936850795392556,nogate,324.70210363143394,306.3063063063063,137.28585760606381,16.016969130250594,0.0,42.122185910626854,6.379692899657442,15.70817583203509,589.8449618155245,3.42477056272243,4.775229313453731,30.695089756223283,-0.819419196240909,3.0,8.0,144.4258199319773,0.953217155057683,46.01081313657412,25.560378739997727,163.69752870436844,5.477450405662714,72.46707648946014,3.288262279382946,78.76106194690433,94.23076923077124,0.539574185734855,0.0040000000000000036,6.05407935717358e-158,1853.0,23.007578470369765,297.95958635029683,126.9999877742357,143.57367145309217,74.78683572654609,315.8237460440146,186.31796492236768,2.5529078559973777,1.6417512132451235,0.850513715859462,308.8640626160718,1.5109885610590459
EB20,165.0,0.43884811095112286,nogate,119.80865350424224,121.2121212121212,74.04849047204695,0.0,0.0,24.327082048536415,10.537129125140016,8.722877310584359,156.7596386124475,13.747738418259505,6.599997655748142,11.829420255051247,-4.059666980327304,3.7032796995928083,9.636400515826017,143.65660866955866,1.7894649381996677,23.844573691096624,26.797912800919967,370.34945235730805,3.9885608071792222,7.70023535134068,4.403643207286323,31.048387096774853,37.63440860215134,0.7820759474285915,0.0020000000000000018,2.504436012244195e-88,403.0,5.708176488318492,359.09326048086245,58.311134681467706,70.30794436730775,38.15397218365388,10.927896348502788,240.77678760224646,4.585630703172925,1.9881372267544442,0.9191700429117492,7.750067560863972,2.6065977770576314
EB20,168.0,0.8801978798484408,nogate,340.06543553061675,263.8888888888889,118.17175925571317,105.44721364080345,0.0,38.11082406976688,13.61370257674437,2.4067102824241835,464.5285365829243,6.803183066633014,6.600201153830009,10.154884439769303,-4.59425103905707,3.546689042805759,26.59755111067246,117.98935128972117,1.4681857413965895,48.331468804205365,8.61599308226591,208.01934059269382,11.409395661639337,113.52879674427646,3.9636648727476596,49.71264367816198,65.15151515151653,0.6256155676043738,0.0020000000000000018,2.656511012872555e-156,1039.0,12.63936757908546,206.47225546283974,103.3657564819041,118.20379845520165,62.101899227600825,177.54278143924867,252.74975412534286,3.1088504346435677,4.948622790072209,0.562058193564442,211.56117085052188,1.8642896751696227
EB20,170.0,0.8033138555733443,nogate,285.5338893001034,231.4814814814815,91.83891813807955,43.5291398939341,0.0,50.0,7.965246202379322,8.062070978416253,517.1525025822231,6.264304338126556,6.800175066237008,8.297978601484878,-5.0,3.3630179979204327,20.146873788406555,97.72803128505868,1.157758800360252,53.002281400732755,27.912325478747604,165.37760032857545,14.263202846595458,92.72740530611819,4.7009447330114735,53.25443786982362,63.15104166666801,0.6406246888458407,0.0020000000000000018,2.840508389657356e-85,694.0,8.439302928170587,350.05098660704243,271.2100948220841,284.83751070360427,145.41875535180213,358.49198350523915,205.90313095967707,5.273868924528386,1.5166838579984534,0.7558735374868683,351.47515206437333,1.333239749307769
EB20,173.0,0.839817038461581,nogate,242.51595311595793,226.85185185185185,95.34788562926246,37.329377938770335,0.0,43.19267526834723,4.97881756861203,10.459097049291534,390.30370977593975,8.539330332911323,7.460654126011583,7.453466194197945,-4.338289801181062,3.8706625126125784,32.19543005885157,83.28451596125063,2.0,55.97374245834395,25.919839873103843,178.6572200341296,7.436152158966398,95.71932428395694,1.2824839222455944,55.84415584415704,60.06493506493634,0.5926354273524654,0.0,2.683133931521339e-116,1167.0,15.23572685253122,292.9829562631758,150.18725403142344,165.37382892828282,85.68691446414141,300.7600422804729,156.02159440002504,2.9277596535324855,3.3969889846393877,0.9014125403374269,296.6237786142971,1.783438225585625
