Animal_Id,Cell_Id,R_Squared,gate,FC_model,FC_data,tau_E,I_baseline,I_HD,reversal_potential,A_fast,fc_stim_duration,stim_delay,g_T,V_half_T,k_T,tau_hT,E_Ca,g_h,V_half_h,tau_h_on,tau_h_off,g_a,A_sc,tau_sc_on,tau_sc_off,tau_sc_off2,w_sc,sc_delay,tau_scg,HDpeakFRsmooth,HDpeakFR,HDInx,pValS,pValR,nSpk,HDFR,HDAngle,vm_deltaBIC,vm_deltaAIC,vm_deltaLL,vm_mu1_deg,vm_mu2_deg,vm_kappa,vm_kappa2,vm_pi,vm_mu_uni_deg,vm_kappa_uni
EB09,1.0,0.7537310417027592,own,141.07901478756852,142.15686274509804,40.02945827986251,5.139539883804941,2.033510368815646,-32.90266624816739,230.13024646076818,13.699077612430026,3.900921806462281,5.128700265164739,-4.649434111680388,3.4787366601534333,13.66640275474593,90.25212808837695,36.01196995123048,-19.576059008232352,5.432856511400896,606.9947942841001,1.9944891915599083,59.292641252740296,17.936286443348678,331.11991867281216,110.21660736662564,0.3239848398369901,4.864748041643293,65.16953213098036,7.195121951219507,11.278195488721794,0.6472529909707935,0.018000000000000016,5.781870073154109e-16,188.0,2.1943206313293895,40.591500454238684,48.08593286575149,57.79525875424133,31.897629377120666,27.06281261873059,60.391224693654955,1.5380412072649392,30.3166866149031,0.5361955266576922,46.590399917307494,2.3599605981505505
EB12,50.0,0.6598377181376109,own,245.4893610828757,247.61904761904762,8.30791600342259,9.416806635537421,10.847824673023968,-45.209556125567474,167.75637122360286,12.089830204923807,6.800000058448965,51.70460081159628,-5.0,3.121085625812947,16.826011142314254,112.15156087121072,40.170115476230656,-7.801609129615698,11.508059965881019,281.6119272711997,1.851627293740377,57.22662707993548,32.22422681956109,282.39421633474024,139.75208690893254,1.0,27.886771659350543,35.779905595021226,102.80000000000219,140.00000000000296,0.9277207957506769,0.0010000000000000009,0.0,630.0,11.087848140831865,340.0264953260984,183.26799439976605,196.6051538579228,101.3025769289614,344.07827195877354,104.5506774352204,10.517643393670584,0.3444360068141309,0.95,344.51791822297463,5.399900386447691
EB12,51.0,0.6741639915042796,own,137.6090563270568,122.80701754385964,9.044744379312602,8.146695428076189,1.5392675780519711,-27.1932651070235,169.64636881933842,12.548652426023406,7.2513478323952505,5.982216605776916,-5.0,3.0,22.124730007794955,125.02349269265244,7.285829455240679,-21.97531124194239,7.977020902724524,695.7128507975025,0.6084282532444005,136.91975108725296,19.502847514207566,174.00028276799083,46.404309976806076,0.783319561109654,7.912936074946352,128.23752791927635,71.75324675324829,101.405622489962,0.9166043431738644,0.0,3.264014418303201e-280,799.0,12.978886811111877,273.75595075111755,-17.777447115873315,-3.7273642785744983,1.1363178607127509,282.6152472897345,271.1372889770752,14.006085669133011,18.189543977774434,0.533186053427505,277.23327921804884,13.687444322875768
EB12,52.0,0.8057604142832331,own,256.54222985448905,259.25925925925924,46.6203394999366,12.377274268075547,5.1782381065990055,-29.09662712152598,775.6000194368412,2.3480751070967045,4.051925175020292,19.2020887833991,-3.2810651106562263,3.446936329886999,8.0,122.00577504017143,10.21126147273562,-28.78014827629117,7.955504375189544,565.3468744091039,0.48875993580143406,110.68003141659837,39.57906570708678,141.13583314087006,115.21969298809974,0.6638434252842363,11.512912673369467,149.90301875994766,90.53672316384375,141.94915254237588,0.9149632111721017,0.0,0.0,728.0,11.532892506471411,179.5290288374829,13.439108994875767,27.210012139465817,16.60500606973291,182.641755211962,189.11996760837462,10.376636257500618,114.96136092017068,0.7807110961991918,184.11312493202047,12.564438748290893
EB12,53.0,0.7943324420591958,own,229.6750271919285,216.21621621621622,46.10052821558172,13.529294008197757,4.942472811096685,-49.44306875950301,341.21384148225434,4.991968837469985,4.208031163051503,20.674677062210797,-3.452808145280557,3.0,9.204593505535744,92.15878807304006,9.482110019570445,-26.165746169514733,4.869358564162098,207.74047877377282,1.9490799586739644,67.26309002324207,33.15697029965089,331.56799827693635,79.77554914289685,0.8941300200373298,24.08677517605253,35.63859005409138,109.90566037736085,195.5818965517283,0.9217709629439391,0.0010000000000000009,0.0,1142.0,18.787158927519734,3.1172766147155606,411.74749908003923,426.8691082506871,216.43455412534354,18.056025722385296,6.918897715581046,59.89035143961617,3.158679623159694,0.5460773922873109,13.51563728500824,5.870752119037942
EB12,54.0,0.7981732539960598,own,273.2070772633167,268.51851851851853,44.31459986758854,8.253450333858172,12.47235040836785,-27.112946018342353,590.0599918466249,3.106179971626702,5.000048375340742,6.408593536097683,-3.109112362403402,3.126030758718222,8.087835022339108,161.89898096608596,3.2303561212131844,-26.20049974195315,4.399470719915459,617.9127123767025,1.6129679809910562,72.19851920546469,10.27693078738607,334.0756439492659,121.05162234763321,0.7531296012702144,10.111532664590866,148.5420760078511,128.91156462585306,187.9251700680312,0.9117718554722639,0.0010000000000000009,0.0,951.0,16.429580847013135,24.972541557056537,111.82068965430904,126.3932318419453,66.19661592097265,34.268475012310525,27.49925620827612,10.91142353945207,1.1036774359160861,0.95,34.10154703847228,7.480237701224708
EB12,55.0,0.6986003622091845,own,288.46334579994345,296.2962962962963,45.530974543040294,9.114905285146367,11.755191741282403,-38.319446548090205,426.44313799969774,4.779365488616663,3.6000048480632247,47.89105939965964,-4.984123418442559,3.0,11.096339593692942,98.81999910239078,27.34986482512383,-16.681748758431333,12.097522681594803,219.649911318024,1.64780680522978,56.55389905320922,38.38931875874233,290.12423588035927,111.90582425239096,0.6861851903571999,15.252525408313742,37.19214331223966,132.9908675799115,255.1136363636418,0.912464229737907,0.0,0.0,1340.0,19.725038846550387,192.26939715736634,149.96969112894482,165.57096580777966,85.78548290388983,199.81296264770185,198.2998078378174,25.798568443581885,4.4573240151090125,0.735477190205522,199.44379690751802,11.072878040222959
EB12,57.0,0.5784425095044656,own,84.41760146022787,117.6470588235294,33.83450073455741,11.482559459950316,4.48848809228289,-24.525763725818507,178.321528628867,13.17632548774649,6.623674514630077,6.233362707793873,-3.2223558807987636,3.3481149649428867,8.687509804513963,80.15649011790967,11.58167587502929,-23.780321399993746,13.282729730567068,873.3562083596452,1.9998913924017863,177.59883734076485,32.843043995474595,233.88511979708298,57.442252556866556,0.35357337958573054,0.8696225637871541,103.20100109688902,43.777292576420145,56.277056277057476,0.8376950034660848,0.0,1.8920361371263605e-149,638.0,7.21840308105882,132.72189383212955,63.03691900770423,76.41193385773863,41.205966928869316,128.99408923694895,196.0965999236595,6.829375958644433,5.198832671043213,0.8605505010871036,136.78182287149883,3.6793198178157387
EB12,58.0,0.6478296082951083,own,163.8640223871861,180.18018018018017,24.857936936805817,13.65383939616075,7.4979699168305745,-29.508941154161544,183.00470612062702,13.323021246005975,6.000000239534593,10.710325624397013,-3.7563670137213636,3.506323346653698,10.435700638074474,111.17436831083091,12.858231949947093,-21.985453055126257,3.5299187497377718,779.1204589614144,1.8921939869128885,123.5277995689656,27.33613183734526,134.8515195805016,85.60764056952773,0.5790833995715906,4.956994949955226,143.84458338196205,71.6942148760346,89.87603305785315,0.9480080444201183,0.0,2.0861304171260612e-232,413.0,6.918488479460297,358.21828390242433,122.75530967236091,134.82565245124403,70.41282622562201,8.015856106534143,329.1272978316973,11.64924987786962,0.355118756583836,0.9341183165201896,7.556588814915892,5.396164141546649
EB12,59.0,0.3014478727888966,own,83.90114606525798,100.0,46.84946167778882,12.041344669101,7.0656356426567495,-25.41865495521462,144.76904861034825,13.395960084240901,5.804049937943006,5.242506314304131,-5.0,3.0,21.81747253460034,190.86696822715098,54.70610487170681,-15.436155725060997,3.8903592479002453,589.207657117899,1.4671115866262374,137.37361557041822,31.79660981033535,63.451250833502705,42.205967582148645,0.6942355204529316,3.4995256827743213,81.31281440249892,26.872246696035816,38.87559808612524,0.9374531464180882,0.0,2.234500215149745e-98,258.0,3.048160942897785,95.93865902115616,-4.711252579135353,5.947626175629498,5.973813087814749,108.76254233381441,88.00074091294927,42.61541977974446,49.52655717364782,0.5956105355114851,100.37942258885926,18.966976315379064
EB12,60.0,0.5280201050915526,own,173.2400976673809,171.42857142857144,14.511872269517982,3.9716707228086676,14.597908180069842,-39.24771302390152,163.20694873019048,13.3615420345715,6.438494964892847,12.076819620833188,-4.942140320016553,3.1337849482358977,32.89327918832304,166.9851830573207,19.70071302525942,-15.787922109389166,11.018421132472723,870.4253980701488,1.7568942691759315,195.86857609660814,35.131424813338604,260.05118067194434,32.99466558774647,0.0801365972712382,10.026430800292845,67.55091499468678,51.17370892018889,68.54838709677566,0.8977892001286043,0.0,1.5992633228051457e-194,610.0,5.679731663405322,228.0776837380164,-6.636614808752029,6.603762062750093,6.301881031375046,224.45414035656506,255.8159010443215,10.005644504932691,19.233314628020068,0.7022211798433161,233.8312614439672,7.04578603376296
EB12,61.0,0.6824792980559213,own,172.3091706625104,183.76068376068375,14.676723638008793,11.17231370906749,9.317401293473798,-35.79893309114873,153.67067502851367,13.588609536716847,6.59960913598034,15.314150831070224,-4.963958416082939,3.355169486931716,23.487854705460137,90.65025277824516,3.9959855753829623,-7.778145225514241,11.994623409899214,677.4704598446182,1.9881221402928475,62.21329651815519,14.817708480339638,171.07911813964114,84.79283615927964,1.0,3.446926368830573,53.08610776552122,87.801204819279,112.87878787879029,0.9178031336761966,0.0010000000000000009,5e-324,702.0,9.994561364044069,329.0711111333141,90.63831514072535,104.30011535280278,55.15005767640139,334.0999013106068,344.02053340664844,10.571267755481166,0.9429013599109762,0.95,334.3261546753579,6.9539348098536555
EB12,62.0,0.7284547687896334,own,220.3150718960571,223.95833333333334,43.14870117642348,8.415187706826648,14.297580899959353,-33.99067050751967,309.67183222279823,4.407412432788487,5.192587564809451,24.17076652458502,-3.913005491242302,3.0,8.0,156.58799070361982,44.96045485664625,-21.999864361927408,13.362132242565531,898.4540387523185,1.6172454908387546,68.78553112671278,16.351317028461917,125.8519810868094,140.12010890116113,0.0,28.71002482289874,86.73471733959448,109.1008771929848,156.79824561403842,0.9148874813410355,0.0,0.0,1254.0,14.862602704851467,96.25583716432175,7.293107491706905,22.695388655285456,14.347694327642728,101.18165771253088,94.02956460757284,11.147524995702808,3.384585649447584,0.95,100.8803948007104,9.902838850798105
EB12,63.0,0.7381537109152723,own,283.8484957353674,252.25225225225225,38.80620499478076,5.8347697890894965,14.127625880387736,-44.74515264332156,313.4179225035941,5.813087637020329,3.6000009069337935,24.967986646596017,-2.645733665538623,3.0,8.0,80.54616394480583,51.546171556949176,-17.37229964438866,12.70642493932413,238.32193838897462,1.7257906032630272,73.51157346798153,27.697632748802587,178.42356175037955,92.59468597077161,1.0,16.637953078898725,148.24435814776666,132.0000000000028,173.8888888888926,0.9151785567971541,0.0010000000000000009,0.0,1544.0,20.387230621831662,123.84750700923261,-12.076653746257648,3.9497414454965565,4.974870722748278,135.0142117529148,116.20736398529017,11.510802249909837,15.867074258645948,0.5749366269524301,126.97265175667474,9.91716454402432
EB12,64.0,0.6211484346518252,own,227.81725499037537,201.75438596491227,47.52390815077296,5.784945038299587,2.7299706292646984,-38.785071229637154,691.4008111360396,3.123522518934303,6.276490741987825,7.303740747977777,-5.0,3.0,8.0,93.0739416907007,4.810582469552409,-14.53758049420831,12.34061787302486,470.6856135122142,1.172776878017999,68.86252455860621,39.32301466932561,218.37150078187852,18.966186804335617,0.9677045789612436,8.102142209939277,46.309469273436115,100.3112033195042,123.40425531915157,0.9332986397954018,0.0,0.0,1204.0,12.359421841849494,359.2453328023445,275.91316945209746,291.1933833297037,148.59669166485185,5.4467440728304375,178.95577298843173,8.38198506735018,0.27167319605382556,0.95,5.494187033768691,4.706453399848472
EB12,65.0,0.19093722191715,own,67.30122618490743,75.0,38.19330757365816,9.888679638798205,8.274088694680408,-40.043954204862935,153.82256642767726,13.56369370722573,7.199999992198545,6.074276751687551,-3.3006695424823724,3.0027013331379506,8.355186395901134,83.09020098740434,17.599332763061007,-28.563050608098894,5.305749092658784,303.93351723846524,2.0,41.4602083093963,26.5813037171876,457.96408201720584,37.36379622161755,0.005026897058849108,7.892534554854578,89.59209764522929,96.33333333333539,162.00000000000347,0.8912343845848075,0.0,0.0,1708.0,16.108952352208853,297.54340305491303,42.63038480315163,58.959619926197206,32.4798099630986,309.97362406049706,299.46589986995104,18.244094272556005,6.448568185762759,0.6426227456313911,306.3574639811383,10.177865104223404
EB12,66.0,0.5900503867359144,own,92.88582031859772,121.2121212121212,48.709358924063125,11.320453462742496,5.188283661287464,-43.68351534932878,173.69921144045918,13.503588269098884,5.399999863914545,5.174592480885764,-4.774092631947381,4.6066676194324945,9.141131768764996,106.9916207158418,3.7940831659656156,-13.210934272819028,12.04441341483228,350.49847382866875,2.0,120.41785100846815,19.309913072611888,128.1377293173166,44.61360721900867,0.7549407182805729,5.245663747488932,93.49609590872888,67.39130434782753,102.09163346613762,0.9243231142944663,0.0010000000000000009,1.0364954436790876e-254,728.0,8.016844182502137,196.89364828906375,13.044365247145791,26.81526839173584,16.40763419586792,206.47256575661967,174.30910462126235,22.076339337394252,38.96430983667528,0.9270717209316693,204.20264519551296,15.658353281619101
EB12,67.0,0.7137369334760986,own,140.20331631958487,121.7948717948718,44.201279305022176,3.0,8.652398919210667,-27.30810168047409,197.97969961432383,6.528665784416351,4.188066046330082,5.625208278050461,7.207623247351509,3.296124228109982,8.82406859259096,139.7112021652518,11.55612078477676,-24.509614836255462,3.5735617619059883,717.5261350782998,1.8311614980264808,44.953380875906646,39.20351012409021,462.9667428669246,52.21452539926571,0.033644541728749644,12.240767787296246,127.78829762172474,105.00000000000225,117.14285714285964,0.8994271450487205,0.0,4e-323,1232.0,11.92042727765307,154.7457199382516,91.66797187927341,107.0171543115539,56.50857715577695,154.25475072583032,177.2901627218724,7.854048973442154,1.0706673436658842,0.95,154.75579731346707,6.001309087105655
EB12,68.0,0.8168196426371959,own,290.57167458388517,292.7927927927928,39.65699700585684,10.102803201375641,9.60711095646757,-25.694428803584678,372.0541255569246,4.7751465409491045,3.7999995010748493,55.02968160745026,-2.965519591434151,3.0,8.0,104.58742863398919,53.653684683020025,-22.37002353672664,14.899069562376035,790.886970483011,1.290887369350684,67.67969504708621,31.268197797691403,359.33379265107703,90.10629110394878,0.8575915326032086,7.229173563747303,33.02464394616101,112.5000000000024,161.21031746032088,0.8875641779349798,0.0010000000000000009,0.0,1410.0,14.729269754144463,320.1394861977882,128.98306431147125,144.7370992615879,75.36854963079395,331.20090124449825,313.4548480759929,5.254053605632823,27.24703234510574,0.5231018727734479,322.35013213856104,7.150156455353907
EB12,69.0,0.6339185836475962,own,135.60351001165893,197.36842105263156,37.20935338049407,11.718917687184017,8.487196074411804,-39.60631662741982,170.88952993282243,13.86040622847785,5.399345064209272,6.455400713740867,-4.709103197707049,3.7534378087713534,11.84985300250863,143.39237127699062,28.14471300047488,-8.532972626246309,8.614144414980682,477.35812929821174,1.9488807844494926,77.63097514656296,7.141592051960335,221.6771951943025,130.67806193947916,0.9488059268789114,2.0999022496780966,135.58328444268534,94.03409090909292,137.35465116279363,0.9077260750038622,0.0,0.0,934.0,12.299973977785248,222.8443609011974,14.83909444274127,29.35752375742777,17.678761878713885,239.6739017699072,205.62660545629882,12.884543173160388,17.01190272575163,0.6776129535370161,228.7807220940806,7.09219879535117
EB12,70.0,0.7706716624833154,own,249.8595741491904,192.85714285714286,48.17551369446404,5.7544692984250885,0.6837422937868501,-21.769290409893745,425.12812645265046,6.278947658077103,3.6000950601189667,8.985693309061697,-3.6931851080504248,4.055594279630422,12.120841003328566,81.98339136980002,24.374842416771145,-27.888834182655888,13.911859897357465,880.5767998719512,2.0,104.49758636105838,8.108349088786072,338.7223517131542,50.071934056832795,0.502480583979252,5.714929229760937,8.055647257864235,103.5904255319171,176.19680851064206,0.8989170715099395,0.0,0.0,1032.0,15.362135551196998,287.32859865593474,20.086930713049924,34.904692551174435,20.452346275587217,287.95199459746334,308.3648662247186,10.045403093913672,2.8254442788529817,0.95,288.7491139041934,8.531091746317408
EB12,71.0,0.7665585641453179,own,151.66514241819954,147.61904761904762,31.168655412597783,8.685411436658274,9.186700931289325,-35.51415345605746,182.25906597007966,13.453873220324699,5.000000000474346,9.439226773855786,-5.0,3.0,13.735500968847516,86.34470723262247,8.137322337257537,-4.737738198785078,4.998419772628523,287.1415357084293,1.9657247552365624,90.47436617947123,6.030347222214622,488.19002132263654,118.51925491194571,0.29126303195030967,10.140366706234216,80.90714904923423,79.67914438502844,94.25133689839772,0.9075005769886616,0.0010000000000000009,2.507854870306512e-265,850.0,10.707657764110047,223.4391802844066,5.780083189495713,20.015792237948858,13.007896118974429,235.6812144308262,200.39356686896585,10.270023228756935,33.2841380700556,0.853345375681907,230.5466958023223,7.664361720805402
EB12,72.0,0.7714853451291027,own,257.2612037673248,236.8421052631579,41.88066886723246,7.984744020524266,9.566508493833272,-37.02586978070262,290.5080455924376,6.540185345488626,3.059814653032616,21.62362616337819,-4.954355466751465,3.0,8.0,148.73158648399257,3.511283441820139,-12.714323887668815,8.303219301018586,447.0190097531196,2.0,68.92599094456696,27.20631203849464,244.5305983029863,119.96328521145502,1.0,22.911736025779255,6.109409567174313,130.67567567567843,143.38235294117953,0.9055717608963052,0.0010000000000000009,0.0,1531.0,19.577193988382067,5.906494640961655,104.96265136109741,120.96368054807044,63.48184027403522,15.456028298846931,23.762736851374527,5.67191729365512,0.20629545594390844,0.95,15.502636424755492,4.11438372264867
EB12,73.0,0.8235751571910341,own,332.0077210888078,250.0,46.47695736109641,9.588850954041282,8.7176405191853,-44.102249949455455,366.4530058927501,8.393320389511665,3.406679610587749,5.915495906503,-4.550273177754682,3.129003192711411,26.35830139210117,138.13295283328523,37.06042098083815,-12.181033024677019,5.551867790021226,454.4796608145773,1.7438607611538202,102.18335831008126,12.322662942416859,272.96433044665713,87.46984793094657,0.5648573798042044,2.262137185101196,146.46452470572095,106.36792452830416,126.76886792453101,0.87984107371489,0.0010000000000000009,0.0,1286.0,17.674973996072474,203.82099724631777,-5.797883071393244,9.679992642999423,7.8399963214997115,213.63194358822318,217.46412386639713,5.996904784776928,56.304235465369786,0.8753744583923319,214.14492925265412,6.6928510462309925
EB12,75.0,0.601833899879864,own,78.00809069403523,72.07207207207207,36.01407182955974,4.1279113484513505,1.2652844696073022,-41.18945580825452,232.2942782992933,11.000282066679695,8.399728572719951,5.259452847927395,-5.0,3.0000056923633878,13.314715460335936,143.61516311617024,15.500795029526675,-25.917574517364056,11.616469497064951,333.97782815713583,2.0,152.09702395078074,7.140853955406415,282.96898307481575,107.75847543957029,0.4651617769824132,6.323949285111803,87.95974383832393,8.544303797468539,11.603375527426408,0.9024716153489161,0.0,7.956848395540979e-27,170.0,1.1172235653732199,49.045659955638655,99.55613902425533,108.96353433540611,57.481767167703055,54.40491963053035,292.76751465480004,26.01416154458278,2.0,0.9438703038473953,53.56378676416203,9.267191693003737
EB12,76.0,0.6611971440154089,own,144.88221456496615,120.83333333333334,31.595901080513407,9.997343271531278,0.2426493415926434,-49.58751963444429,374.20620671541485,6.4679837308103645,10.275085959526358,7.076179955931126,9.656080710575486,3.1909243360467636,19.958259401992027,82.05400963071484,25.72639116537086,-15.863848438992838,6.665729264701735,526.3894594520266,1.5871265668136412,44.274606825395686,10.088376401087093,178.82316042271,17.534501330771903,0.21674591258756223,13.955492868504397,79.00993907175155,27.38636363636422,50.00000000000106,0.9409719524269685,0.0,7.397989555961789e-100,273.0,1.4840460160811881,337.1221039996618,90.16098528833324,100.98940067388813,53.494700336944064,340.2616585912234,27.6258906841926,18.58290861273158,0.9520941597704895,0.95,340.97571616792334,9.769504750154821
EB12,77.0,0.7714614160590563,own,176.331113991327,170.7317073170732,47.187296960208556,3.418937349267327,3.286628327100432,-30.83904062527327,329.4657996131077,10.83840408221214,6.5615959051462385,5.3582998324344375,-3.3832010707368987,4.392744428192688,10.803670740037363,81.88282552648838,15.40341784024008,-9.122885950191195,9.404659764119165,471.2261170251499,1.7905836142005596,94.504383047394,12.13556111405854,281.31023788314474,149.4653538363559,0.42726085527548313,1.2925029381550617,51.69592243542455,24.24568965517293,29.09482758620751,0.915557081257022,0.0,1.2455249039229502e-87,276.0,3.426524878060408,297.5068918766212,-7.847998040566608,3.013204556584867,4.5066022782924335,302.7771140114207,277.5224958462915,11.106512718324971,288.9114565545406,0.9222891073080867,300.78157808468706,10.366369638714183
EB12,78.0,0.6515272590439706,own,120.4179435862396,106.48148148148148,38.12103049609197,11.627486361159226,5.59078312154033,-44.22314913531029,216.38183318122114,11.853798676145807,6.346201323851988,7.3297698700222345,-4.753121879614559,4.373263543134487,10.173476937935732,104.4021547551204,31.844975489591235,-26.438584480329727,12.619844534466365,378.4003951646739,2.0,108.2668702371168,36.86243071169807,153.0795828186635,106.64275185028913,0.3502511069923985,2.4346366969621904,86.3650822552919,50.786163522013666,71.70050761421471,0.9372600657850496,0.0010000000000000009,2.386962505582152e-175,451.0,5.551261157911839,338.9711494929227,154.70300667482059,167.03740869332864,86.51870434666432,339.8962374838349,354.7720711060481,14.416305190607465,0.2594374113697015,0.95,339.99004199462325,7.044708252868205
EB12,79.0,0.5977546464885882,own,130.0944964807843,162.6984126984127,36.26288816298647,6.0461906567118575,11.819615403416192,-20.79002344195052,189.39777763346507,12.45853466327917,5.599999533125252,6.055698823827711,-4.746474846723247,3.000214348241645,10.038189882874036,110.57122252615004,14.570058875713888,-12.471959015030484,6.288391646318024,279.89152798842935,1.0793929325220324,84.7710318900425,15.948351685817077,191.7110736115224,74.52466490996702,0.7708032817320621,3.4029816449438335,114.23458237128152,113.2812500000024,134.11458333333618,0.9148045922013573,0.0010000000000000009,0.0,1067.0,13.382780638289653,158.20145960039744,1.691675205331535,16.60949395923683,11.304746979618415,162.0815234071056,188.0476635216829,10.898000906247967,4.348463237626813,0.95,163.2283827333755,9.365561014640658
EB12,80.0,0.5282942918535344,own,97.29970664241333,96.49122807017544,38.602512944236246,8.170206776632181,10.231488542946837,-47.40683132153663,183.4447347219304,13.040819800952212,6.559180191910242,5.0,-5.0,4.416952824257839,13.63820447153555,82.89100863515904,21.00635971668242,-17.873749150040044,7.262567066288062,634.323000218879,2.0,58.72310239141445,13.209540746525489,262.17790071472956,46.64753090382629,1.0,6.51025129512942,141.1827382128593,47.46666666666768,75.33333333333493,0.9319992655954201,0.0,1.6801104890345005e-166,761.0,7.996852539720503,47.978591591289046,-1.8902242646690581,12.013675808915991,9.006837904457996,50.45342657311575,67.75973426971001,25.838036658651294,10.79679699035658,0.95,51.2788161221688,22.021899353714154
EB12,81.0,0.3239267231729702,own,38.647354658871464,59.52380952380952,49.90732341829416,3.11850017255442,0.10627651721742268,-26.554593757769204,325.81470974389725,8.215166844210735,11.18480167233266,5.013133220462495,-4.832293909451321,5.213952955821433,13.75010591523465,85.37031565576714,11.228177623548074,-19.325717786732728,9.01506527571702,643.5440737673271,2.0,139.78430790511493,24.09359118310487,205.07806391029348,51.42420236295543,0.063278513019771,6.046332004899176,64.2975910910462,13.120567375886804,21.551724137931494,0.9181688018902469,0.0,2.4230815272725364e-37,150.0,1.5120217827906115,57.94650601555525,100.35691723576231,109.38882311805108,57.69441155902554,61.437769779054605,43.67371142625647,39.437304652474985,2.0,0.95,61.00007197276846,14.156865812921394
EB12,82.0,0.6399298686736645,own,126.43448742258549,123.80952380952381,47.38248138547919,12.758870998998969,3.7874426053821537,-26.96171103315106,297.63062811148166,8.160227679753099,8.24007881953957,5.688232410339203,-4.399141098658464,3.5623888114472706,10.856274974564283,109.66652015806248,27.96832540120302,-10.236981867965982,5.320169754852764,691.1894626938808,2.0,111.04903335421606,13.898104449120344,107.75379229743233,144.4400316811853,0.6498510970966211,1.664750790179921,84.19443858929937,34.03508771929897,69.78798586572587,0.9089089514020686,0.0010000000000000009,1.5402841383195035e-123,447.0,4.298868907002483,205.70143606607888,67.60270860265453,79.91038438649525,42.955192193247626,209.32829655451667,213.29211356809543,53.40457916058205,5.658382631848392,0.5605249107223884,210.98448908097674,10.964783675188636
EB12,83.0,0.6185156303782258,own,110.63465306320583,113.09523809523809,32.40233798931295,9.06391384756074,2.0323994185688115,-48.642005313533176,208.67756058096424,12.462658222095602,5.937342578821059,19.40081714538149,-4.953268200030065,3.0567624529632633,17.633460266209745,96.44467021653632,42.51240242605482,-20.322784458506465,4.074498568800153,533.721029810559,1.9550866826284654,286.58674807296285,24.375234909642234,194.89758171816777,22.99205979375181,0.23779508111417,9.785889734457452,40.22338240735743,59.64285714285841,92.76729559748625,0.9129715373758214,0.0,1.03435236769975e-230,836.0,8.326547263713305,196.59907321456225,103.29214072067188,117.47802655992598,61.73901327996299,201.0222334244731,212.31366200849905,8.67306750224979,85.64866627821205,0.594893662719744,205.74534020860943,12.07912755220057
EB12,84.0,0.7082167197419118,own,137.90057690471446,161.6161616161616,22.87913794519988,6.223155208150684,11.312974486319623,-29.271059274515,186.25678835775722,12.489928634728233,6.599692536067249,10.353446463153617,-4.9504537748121065,3.421891393527457,19.286561831947587,85.87725624539144,9.685547105780987,-19.100254566207276,8.80332467286348,627.2583465003879,1.813933906790146,87.63676594004528,5.0,284.6180837065446,88.64181207274096,0.7019827178037276,4.416555517301284,115.36477281817967,94.40559440559642,128.99709302325854,0.8985731814057689,0.0,0.0,1398.0,14.863548794542803,136.3092689296265,113.01863867376869,128.74703244215004,67.37351622107502,132.19328998043048,150.69797071787016,20.455237618259844,6.128922053382909,0.6651485042071091,138.10185686072498,9.211577120066373
EB12,85.0,0.6528726477264012,own,151.88802691045754,137.2549019607843,24.4431330265147,8.69123207432456,8.962448657198285,-31.572559677138468,208.3028536579044,11.593728668081082,6.406271439221621,10.35927586127188,-4.999938688161946,3.0015472987840575,15.868430300608455,83.7286819358513,53.4006154391924,-25.27603035544982,8.098598593463358,653.0700570450094,1.9852876594840143,84.59310226760505,19.84025383608524,154.50815711606563,62.98835981454522,0.5366958654893835,6.618414071879727,86.92534059947987,69.21875000000148,104.79041916167887,0.824795979691741,0.0010000000000000009,5.130462924047751e-181,643.0,6.962204864231591,255.7321164371044,266.5382965265644,279.93673069927706,142.96836534963853,261.5740274348425,57.43594120687049,6.7927544193088645,3.0627637290366936,0.9297347178238677,263.23896973622595,2.942018350647124
EB12,86.0,0.41007953035418154,own,130.14915575407733,138.21138211382114,20.28988195199373,10.814021359444292,7.535241090078768,-45.56915537460019,148.90298819219126,13.990836325415195,6.399999582443873,7.810827577121781,-4.945324861608529,3.6739918908065183,17.766349730918925,126.32433566110069,42.04928381191872,-7.736178897110994,13.765805251818472,611.0391984733853,2.0,10.307586517596047,16.683712240587308,107.46545695067019,63.02944349448969,1.0,20.440583737772325,130.04415689306853,59.22897196261809,95.79439252336653,0.9162513660763001,0.0010000000000000009,1.929338738077111e-223,593.0,9.984785409618667,38.50163175585549,-1.9575631291777995,11.198020067815378,8.599010033907682,41.00277222056844,69.29605501199042,19.42966917474022,54.19366520156115,0.8797912198455874,44.36197802559569,13.912557754386313
EB12,87.0,0.42269304387768214,own,118.0292556591192,115.38461538461537,16.56421383326224,6.079508420652242,13.757289727317618,-41.55523537909804,154.5903304879354,13.031246491019248,7.368753499485809,12.720465350585728,-3.887568833147842,3.8844061579074407,20.066383322720046,80.23730519137114,50.9851370319654,-10.189150981085632,9.868106672354765,328.7502474396987,1.4830699762776827,23.013998557005863,20.4945968458787,288.529051480031,127.72878688774387,1.0,22.583319905422506,65.10908738279215,103.52941176470809,128.676470588238,0.8585499164992602,0.0010000000000000009,0.0,1116.0,15.304065450935113,217.24050876311594,33.030052881071015,48.082571309894774,27.041285654947387,210.3769060710043,232.50282607679335,8.875575171202062,3.199189930961268,0.6346173028770631,217.75171369650678,4.615467211699043
EB12,88.0,0.7872698523923836,own,283.71758276522615,271.9298245614035,41.13380211794502,7.50960182293805,11.602904465566102,-32.86066842220922,514.5949022583927,3.5339608107704326,5.749544128888716,42.60540214233785,-2.6684209215100987,3.394403556060757,8.566892727473213,192.0849745856183,27.478228083147197,-14.540875316159166,13.54167319698035,316.4585700421431,1.9086722118107957,102.76896115784358,20.276266105698188,101.16054294867632,129.93771133287925,0.0042682933438989434,18.068544863809223,127.75507898542543,119.50549450549704,168.95604395604755,0.9059210159145649,0.0010000000000000009,0.0,1055.0,18.48179499397371,41.220038622693565,5.406635732475365,20.290523870205902,13.145261935102951,50.29981161812892,39.588407357396456,11.565041775715207,3.172188443605593,0.95,49.85440898569409,10.012301855220072
EB13,90.0,0.42774455562390723,own,166.70148257738597,154.320987654321,10.920301558510841,13.43167864457136,5.837501758111715,-35.32057006371814,167.6109674753636,12.774763233170663,7.399999953421597,5.948877336837152,-4.989083407467,3.976017069982094,29.931487766784144,182.37256759686372,34.4872533660307,-24.748564344498476,8.069895410826023,628.5560263161267,1.5324427427639618,92.05678083034616,29.416219576495788,244.7471034852156,8.931103948425918,0.6409329023290606,7.855178043083518,82.70517295801841,77.0325203252049,150.40650406504386,0.9125695203865527,0.0020000000000000018,2.89630043377484e-255,405.0,8.222462060950981,144.20652355115433,245.5387556314997,257.5504168328193,131.77520841640964,148.07880781987438,264.85138003647995,21.580507368664875,1.600107689407817,0.95,149.04122363497632,8.733072865262024
EB13,92.0,0.5080202524075895,own,181.00568353925772,181.8181818181818,13.176685509826873,6.168576011328725,11.991193873580968,-35.183394031861425,170.17672754172864,13.640527272722206,6.600000011921198,13.458718108528526,-3.9814756080334135,4.424464351855253,16.49684161877029,82.23483726696796,14.012067774631987,-29.066501402789484,11.394511650962965,678.7286216742614,2.0,74.7462429082888,28.697303477559764,136.23872568596556,7.430296729394184,1.0,13.07639048548576,102.7046328513362,110.46798029556885,171.18226600985585,0.9247666801904194,0.0,0.0,1072.0,15.80009810210165,81.60129381822131,3.590128236238172,18.52197226113043,12.260986130565215,84.41232726517805,120.91255064261811,14.286053238736116,15.783219014227853,0.9492772648502249,86.16381121101713,11.46181757370596
EB13,93.0,0.7901711894067117,own,249.1238166450861,250.0,37.29775833695586,13.10370276253137,5.892562688131673,-36.448726155307405,287.54348423306703,6.002187427513376,4.59781250046288,19.656420329272272,-5.0,3.0,8.0,127.78847351160434,23.81969222058968,-2.2961879449886773,5.032900362115194,629.6449210647578,2.0,70.29373474064295,34.56975020022778,166.91969136695377,123.65185582467663,1.0,18.075227215425876,89.78015321895477,116.66666666666913,176.69172932331202,0.9248680027331961,0.0010000000000000009,0.0,741.0,14.753127025817376,344.28423040340857,179.2786864619303,193.10268833781856,99.55134416890928,349.0524563992049,313.79134191596034,9.060453780798866,0.6317209781093978,0.8919990335483288,347.8128762294416,4.094021917097512
EB13,94.0,0.6506346737981354,own,93.79639157892039,105.07246376811594,21.574495277044296,6.823186598624669,10.349597837436322,-43.05490129400502,137.17077871151739,13.964324559714854,6.799996912696252,9.79476491116778,-5.0,3.0,16.329811695174882,81.85063492763301,22.355569087801808,-27.00617662775021,6.04228735620466,608.6306318590393,2.0,72.16948861810602,18.437615491762056,317.0019127057712,146.77950761307676,0.45035689254001043,30.0,117.882307934472,37.225274725275526,59.06593406593533,0.9333839685297112,0.0,2.2302875946047444e-126,278.0,3.5236903533019266,319.68636862075783,38.63736844741073,49.52023178848264,27.76011589424132,322.11071377792376,309.5448030362205,28.087640319988957,2.0,0.95,321.47924564538187,19.286984249822282
EB13,95.0,0.6793204715349921,own,192.26293432466622,190.47619047619048,48.75398507438585,9.961576070983584,6.7682251961875926,-34.1201877962609,289.44852049559574,5.760074729223513,4.039899554772533,5.0,-5.0,5.662043407954356,8.0,84.4579350821564,21.92824926216056,-4.923109111740016,12.32253761231471,577.5203931980716,1.6013670439414587,33.05208937205059,6.744520286500577,206.8206470987477,140.38790308375368,1.0,6.656925670847304,67.39032456367507,99.11971830986127,212.14788732394817,0.9275533693480174,0.0,0.0,632.0,12.257754193238064,198.98956776634,140.84074323689333,154.1874114193339,80.09370570966695,205.20089041179193,201.4604031704,11.208313198813082,489.6705524070769,0.671844228943295,203.93559388445848,16.134181472887374
EB13,97.0,0.572874449422772,own,99.41260842076647,108.10810810810811,25.692158709223065,7.682547947509803,9.577518463155872,-25.78945594911937,170.96573882722095,11.495368515656473,6.904631515985911,7.491818112454564,-4.2013032013594085,3.0647892378217394,8.0,152.30503361486944,20.263074843531577,-20.95172131783704,9.931065751064848,428.6514276353503,2.0,85.63271483767326,31.585547975472128,197.61467536300458,126.35323156936815,1.0,3.6803108667653253,61.70907010421422,40.094339622642366,64.65517241379449,0.9242955655743075,0.0010000000000000009,6.838126021168181e-144,321.0,4.867471341056589,348.9561373321353,46.973383806341474,58.2877071757315,32.14385358786575,355.80584088724913,207.27945012964355,7.5516259702499315,0.3881536032590557,0.95,355.5429044902936,4.703895644882981
EB13,98.0,0.3371040493746572,own,105.62471228800551,114.28571428571429,23.737380262905695,5.119996375892924,12.53605100682426,-25.516253796277805,168.77758693798955,13.239464018421794,6.876689170842081,10.868091541316748,-3.922088323278863,3.796128078564804,30.381692890215763,82.66926839098441,18.705941636067667,-23.412578375719235,7.305936021219299,897.2672480771657,1.9272583160668502,56.606461652783466,31.460197086416464,128.6073437797044,59.35841713993917,0.9682331512982032,0.7706685440412482,133.29074126104612,57.86516853932708,77.77777777777943,0.9039962846217868,0.0010000000000000009,1.3528178440775967e-211,355.0,8.124782004088482,320.69725459575335,-inf,-inf,-inf,320.0029574185228,320.0029574185228,9.574614948898466,9.574614948898466,0.5,320.0029574185228,9.574614948898466
EB18,102.0,0.38739258419507094,own,57.34975196973214,58.55855855855856,30.068275516659273,11.779540593435254,5.039815458648687,-23.65006001983011,151.13352891978138,13.43326298208336,7.400003432591572,11.605808750879074,-5.0,3.0136377185859953,17.840603180689197,97.19191912604383,2.3220550183690025,-19.172132472421925,3.030496433015653,308.6885601932393,1.5181428708517475,102.92029918956513,16.734292453725047,257.6848922099408,5.727817036542246,0.6195042037965582,28.415744737125138,129.46982051899576,5.243288590604139,7.352941176470745,0.7430072247539558,0.0020000000000000018,2.8047464637108467e-21,268.0,2.1391972454802275,65.56823094971531,34.71757081891985,45.49053176045237,25.745265880226185,56.17710113442274,121.01944455892202,3.9672166741048946,43.714016819198946,0.8062327110746474,68.74757263445888,2.8211601116101543
EB18,103.0,0.6813122383148942,own,231.21163403466073,153.50877192982455,45.637048917457385,12.284475576485951,2.053197197982112,-46.744184371126956,383.6279828961017,6.881116697392288,6.117252367078604,5.940381562141873,-4.829349372604821,3.040586863303177,14.416706796912594,113.92335008647073,32.10193741001169,-21.751997718282567,8.907963453091968,533.7077705295674,2.0,125.66457249803518,6.857831497441574,122.36085023291577,50.01674872173833,0.4029645882958167,4.009207642151231,137.65929868472637,40.64960629921347,51.181102362205806,0.7911398913315087,0.0010000000000000009,3.280495829323137e-138,825.0,9.32294828464532,322.4270994699508,22.471132953214692,36.61728311221873,21.308641556109365,312.94119974491184,359.85072609033557,5.166841933521349,2.223549358029829,0.5872373974450666,329.68844770814496,2.5019961586790735
EB18,104.0,0.7819981332232916,own,181.66635961749728,197.36842105263156,39.31660261335353,13.530967350063039,3.185795686447623,-30.547346177883185,221.5758704280072,12.3028181480529,4.097181852325996,6.134223293896926,-3.6123185331516554,4.330378679663079,21.16841572762247,100.54073122589699,42.070792957929584,-9.845932276722664,9.127006118852636,669.1836511151789,1.453059493604975,119.47612351529492,5.693783780651343,100.16615917385417,98.8137089913351,0.2841941952544039,12.185691031499935,143.74514089626322,33.916382252560446,43.262879788640284,0.44124190749746944,0.0010000000000000009,2.1733997059663786e-45,2226.0,12.71019208948706,160.70190660690508,477.8891330682118,495.01301766371853,250.50650883185926,140.60158141447164,251.85265732919453,3.6920525073619794,2.3117804387005703,0.6828369481922774,164.4944335843159,1.2949806871091867
EB18,105.0,0.7667664385503739,own,237.6273436397452,226.19047619047618,13.985890055513835,13.657295462166802,7.065751111421298,-35.376615680290456,240.0832455365889,9.22336408447837,7.576636050579642,5.672402274084818,-4.0542813745519295,4.7118732053175725,16.434585084700153,80.02201307882497,19.657555221144523,-20.181095211077405,13.683479778467241,584.357050144993,0.896305964402237,85.55619423799023,17.455374805004464,415.4944149159223,57.896343015366504,0.3949939776443169,0.0,30.815723969836828,79.34782608695821,125.66137566137833,0.6864716353130524,0.006000000000000005,2.2811254228518214e-209,1200.0,16.410848883980222,322.31367352468794,81.64064964807585,96.91088015540436,51.45544007770218,324.83259024352066,332.83351094120314,1.5607624332130647,50.82194987894959,0.8093064020239453,327.03733241460804,1.9065223610571218
EB18,109.0,0.7711108762108575,own,106.86290825696092,100.0,43.41875831646791,7.912643852461489,8.54427130819572,-38.78957205480447,203.82062850695183,13.264086729777562,6.39999955517903,14.789423145848405,-4.399728841255275,3.0325669571998137,19.291040472950403,91.5359040698193,46.28207687947506,-17.242346350908967,10.745295216311426,862.8506200838647,1.6595046490904015,106.60957928179678,26.477272454764066,374.6346533203933,125.5664899153375,0.41435822763098823,0.8621705898896659,94.47707755897633,20.955882352941625,28.054862842893364,0.6642080312711922,0.0,1.7651384329599628e-43,615.0,4.732193256924699,332.42400469729824,172.92882332195654,186.19369012537618,96.09684506268809,344.97272664978277,207.15421190977824,3.2343109970849824,12.348596588500909,0.8870293953306223,338.62112125268203,1.768466719402627
EB18,110.0,0.7538272552355374,own,225.0922718512861,214.91228070175438,5.829475898184431,5.300898413567806,11.703544678547264,-43.1341280979751,183.32260321132222,11.567980550962304,7.6320207568769,7.355682425184569,-2.6217512243648247,3.322698953414426,19.38907929031381,113.25516353142817,11.826586312102712,-20.047454892959685,12.850205263185863,861.4069465917682,1.9626426199746798,91.45360731368494,36.00205367609263,199.8676025542693,76.58740343439008,1.0,1.0108774658027764,50.3867559559169,38.416422287390844,44.28807947019961,0.8460851815075482,0.0,4.428334866439614e-129,805.0,6.822151840591143,139.65188970173233,-12.271315315605307,1.8012115166502554,3.9006057583251277,140.67714786794167,143.05679379037477,6.88778626995728,3.121190306961011,0.6103476097980144,141.53718018612142,4.583147809319116
EB18,111.0,0.8592315438312699,own,317.4270604117861,285.0877192982456,39.600557749074575,11.055820204909262,8.829529571838183,-31.87161384502252,795.4262635807942,2.5231239040393634,5.400000219922307,48.28922907480875,-2.501001289732478,3.0,9.236137316707952,88.36257563381574,3.299021296916898,-8.944245559299024,14.4303666630662,770.5601649329637,1.9169532213833802,100.71814886989537,35.6157290382928,212.12693245369616,58.99342220818327,0.7854786775880898,19.6916851741548,97.91138483706219,110.73619631902078,122.81976744186308,0.7642858276762275,0.0050000000000000044,0.0,1613.0,22.97002248299535,279.87160358839526,72.48472135782004,88.64227459219592,47.32113729609796,269.0377022856512,318.17576509728343,3.4442733261920515,12.621965820485606,0.7384369454637729,282.6467911646472,2.945769487924362
EB18,112.0,0.7336933140413777,own,360.7977875887668,310.8108108108108,46.00423586113053,6.405221840911486,15.281637089251724,-29.31729189662318,684.4346160998994,3.90042375775187,5.600002367073631,9.121772933474974,-0.2599424344204628,3.454763964553768,20.144321636403745,180.10436016233143,45.90578310467881,-27.05420653596883,4.610727063562918,618.9067626427751,0.71830418381694,89.23423146276161,8.177045860694106,128.92255398915893,139.75129262725008,0.6852608023537259,3.3023856350401575,108.60590239290173,92.85714285714482,108.44370860927381,0.7297338347280964,0.0010000000000000009,1.3205035742551616e-267,2577.0,20.593679746143938,25.56192941755778,93.36727540536776,110.93041903732501,58.465209518662505,41.8822937328173,323.9968118959018,2.104881947788951,130.19180492568972,0.9478538852159357,37.66606077473625,1.9509380514334698
EB18,113.0,0.7096846956289957,own,256.16608366942,145.2991452991453,42.92573904631536,12.6668828677467,4.729153936683506,-47.19838077210922,542.5394250115094,3.970921396217202,7.22924254541474,5.07550466854675,-4.910871213750194,3.3049710496196503,22.9560789558575,155.21296652026493,15.53424051573615,-11.288219309256808,9.551911837084786,503.12808269332754,1.6780259467680563,149.95446540038185,10.012644400488735,415.8019381988289,37.14073959322294,0.32473074452735856,7.25453259261896,57.16550818777306,31.60660660660728,42.04545454545544,0.5626248060353578,0.010000000000000009,7.234343700603659e-48,862.0,7.443465069424559,6.207469586347974,393.5758999821128,407.85366579410356,206.92683289705178,41.1281046513625,288.28552943925325,6.309934543897071,2.935147038238195,0.6726126405140567,15.829027789898095,1.3884317395362116
EB18,114.0,0.688776158172814,own,203.8440193760956,213.67521367521366,20.94709599739228,13.086953246314582,5.537297793574267,-42.67953108603456,164.20057689045936,13.671063528489451,4.799999948798799,7.085475865106003,-4.893698829195586,3.0933919645513486,12.902038177124385,123.16223660046741,36.51411994977736,-29.822946126325842,3.9548378714363515,804.7936178085054,1.9081389030740266,120.2632741649432,9.504844472350065,410.51538590594686,43.236468840708646,0.39671420331964097,6.390520108950362,146.03059671816314,63.66120218579371,73.08743169399064,0.6909793514328535,0.0010000000000000009,4.985142190292302e-213,1363.0,17.459236589436124,205.1188955977712,159.9697275219878,175.6220578170778,90.8110289085389,244.01278908442032,169.62160363995795,3.8244324777115475,4.62195951624401,0.589037170656554,213.8781679563101,1.9894145540435315
EB18,118.0,0.7592382585834638,own,246.85842453409344,189.1891891891892,50.0,3.0,0.0,-37.7276494377189,378.3121743357267,8.103250413952807,3.0967432680732028,5.2345672027447225,-3.848806630261343,5.657399500116602,8.755183152040326,114.2629586743786,2.0,-9.776857777387677,7.84149441627482,639.419418100563,2.0,159.7701074727961,5.0,234.24556698657162,88.59357564237725,0.2544055934969676,0.09674326748446424,90.14161384251571,48.030821917809234,62.50000000000133,0.5207747511373044,0.0,2.520249967373235e-94,2094.0,16.022016423561514,41.752705362885536,97.63822723684007,114.57872141113148,60.28936070556574,19.49951701987517,97.90939028383049,1.912296187863296,4.4000597862250945,0.7170398952033394,43.74204952462327,1.4797370273790986
EB18,119.0,0.7647256271328853,own,208.25163004556362,198.19819819819818,16.8821145888523,11.04537126620443,6.4728998545524465,-35.376615680290456,241.67946543652718,9.22336408447837,7.376637501250986,5.0,-4.934724142411788,3.6323509947239443,16.29789384889873,80.0,20.284639348142214,-19.333283676176713,13.469499428632535,584.3587210468311,2.0,99.19655206618887,17.318610709717017,416.8771890973246,62.61000756517485,0.5017002062344958,0.0,28.270218899517438,35.57401812688897,42.02279202279291,0.45285283026564593,0.0050000000000000044,1.5191335511761743e-40,1131.0,8.710900687105987,31.503036436654938,475.4358532892734,490.52842571762176,248.26421285881088,83.19302382454036,330.08201522888254,7.697007967608141,2.0873922418971933,0.5421005529967298,44.7023539062159,1.0984430645889351
EB18,120.0,0.8573534693159148,own,342.9656434464335,250.0,47.391781755436384,3.48283124273994,4.178838817769226,-21.219629935076387,769.8098767564109,4.946567236192823,7.653433215060504,5.067500376450973,-4.618151000056003,3.2073818580694717,16.86248644376933,110.84316774037256,11.640923008011201,-10.038039599029805,10.915363998769514,339.2648670093589,1.6414412896224102,143.48107647346527,24.94834622848269,124.35844443852095,81.63466246169943,0.4692990683300214,18.07792191345878,78.83217710612695,16.266025641025987,21.30325814536386,0.627573535944197,0.0,2.1445616905602394e-31,373.0,3.5664661158946593,31.964874444017628,153.19211136757554,164.95684662650694,85.47842331325347,70.49307816441573,343.52041053328884,10.652682071893548,2.8495256001883993,0.638129391576687,45.616937121464694,1.9249923529693305
EB18,121.0,0.8691773514310034,own,343.3571226334302,319.44444444444446,33.278420441468256,8.606560971823304,9.005847789323186,-26.522347999075347,368.26182478985527,5.249901602932468,3.150095583655772,21.87563860360381,-3.681107349554625,3.0,8.0,83.74816854994205,27.66420557105972,-22.891356335355056,7.967994735712099,209.44945799499695,2.0,80.08100634715034,7.0310434854704225,485.4785423517252,88.70972056917275,0.8138024302475996,6.678973070565132,123.1306080590047,74.32432432432593,80.59845559845732,0.4346648034918962,0.007000000000000006,6.888730406710708e-121,2938.0,28.1358765560921,136.91718692903686,263.4689076343984,281.42536070459937,143.71268035229969,90.70762658361795,194.222804655151,2.4501251456056914,1.9134410633600125,0.5473717565363972,131.93130050938052,1.0260958903102377
EB18,145.0,0.46122685670953834,own,158.6489006676315,149.42528735632183,14.484433774001804,6.9225689679845654,12.733393124113826,-46.01524156435971,162.50969143250634,12.617585818981352,6.982492042513648,11.324598196304398,-4.288608078638873,3.487266580560511,30.757482580980458,123.64057691322829,6.800817568542896,-7.887755098320034,9.549361498458847,309.14017505876365,1.0873223360759663,99.87532144426974,19.86628061725554,79.73964632641423,46.167624746420856,0.6505661722867093,0.6249878102845772,81.93911604740208,69.02985074627013,86.75373134328542,0.7241923140967842,0.026000000000000023,7.669360974567579e-250,954.0,16.54236197184955,178.26022693780482,39.19133730231715,53.77332831666217,29.886664158331087,158.77120430917032,221.1128538505404,3.2684698040773483,4.925999370673377,0.6294567957822979,182.20936255005867,2.252184559235437
EB18,146.0,0.6362595640357267,own,147.71903877950825,139.53488372093022,47.29001674715898,7.4496665710825996,9.440116033315391,-32.70335034630944,215.51784308699794,12.82373115826481,4.2000006359223425,7.580533617137992,-3.3862387295708545,3.391265645075614,8.002784343334616,94.0565663578494,20.81932093984996,-23.515402465941726,12.301330729667594,686.1995138862923,2.0,82.94822514618639,24.557476007203082,307.93722630547484,98.22370750809081,0.0,15.536776799136314,62.17871696052898,60.8593750000013,72.79411764706036,0.46807596976835153,0.04800000000000004,1.212073065314417e-85,1860.0,20.440467906487278,276.1321394470805,223.74904279077873,240.33403809090032,123.16701904545016,291.07700763185045,195.71914373738915,4.578403759591444,0.32949714797722196,0.5704890968686728,283.1199598477543,1.1575377385721115
EB18,148.0,0.6670393001737058,own,106.554875904661,130.63063063063063,41.54385827767162,9.413127681114162,8.642341482186207,-29.882572830906224,159.2440501163504,13.677089558895688,5.399999909668239,9.598918844835172,0.36310499810901115,3.1850323362316755,25.322299673278685,88.75743655041155,9.163534024349822,-7.878847012367146,11.912868508329204,366.49334007811945,1.9931976557473912,189.517649728771,24.89035032323988,394.40851215535565,21.986024460019145,0.4028159650586761,0.9689215775924761,123.93157402781227,71.63265306122602,96.93877551020614,0.6434052039888675,0.0010000000000000009,2.0190234246469797e-208,1892.0,23.68289554190771,164.9532949075955,99.27680418739783,115.91297343623319,60.956486718116594,165.91719466927833,288.6903921927831,2.509861807961569,5.312744853506325,0.9268761749994836,170.60534103460714,1.8743003808821257
EB20,150.0,0.7110853732963354,own,156.66301886311092,131.57894736842104,36.53478096200062,8.233732113458206,8.366198479812619,-30.248968754227338,306.91693081435955,8.836110467918267,8.400349813368026,6.031715367670171,-4.783365682108275,3.293390824830194,8.038420257113696,91.52446897908908,9.921403126792857,-16.03401657387666,6.929877707772319,248.33910973470626,2.0,14.142737682826725,38.088273747166426,132.81531357018864,48.39064072007546,0.29646234793149323,20.134397875969924,111.59728686040827,23.705179282869025,34.56591639871456,0.6197109196852346,0.0010000000000000009,2.4637326723290014e-52,460.0,6.057464798228482,295.5111075893186,83.62708869291691,96.02076816136628,51.01038408068314,301.9841659666014,156.13851717195345,3.316813996099888,17.21495711359576,0.9360206131336382,299.24051619540904,2.1947216468454256
EB20,151.0,0.8190554964938903,own,186.37344253847579,189.8148148148148,12.935910329063537,12.495345394987096,5.266107690800575,-35.376615680290456,239.82749428269855,9.22336408447837,8.001357342983397,5.0,-5.0,3.0,16.563639902279665,80.0,19.48315385453406,-20.254866357578866,13.629691468048884,584.3570591001214,1.4337416251489423,88.82407701606259,15.728364548755465,415.2732108111113,58.35654129903318,0.5681979319273733,0.0,29.991364710078148,32.84023668639123,40.354330708662275,0.5649815920582051,0.007000000000000006,9.08622048449152e-63,660.0,6.8020648595435445,154.5460274641215,255.24910406708295,268.72582357214446,137.36291178607223,153.85484289352615,286.7944163016078,2.308495251244102,80.29801906221438,0.8710812608093361,163.35874736795657,1.384960404389013
EB20,152.0,0.6166437068951016,own,149.54976408280928,162.16216216216216,40.535554495520664,13.434180547676856,4.386850345430138,-47.855858207630945,215.64149267888462,12.874262466602515,5.125754926523499,7.6584447541355445,-4.949392174031268,3.2366630809001986,21.012714772979496,127.05130615582824,28.38885182748457,-17.517373044033828,8.71993447593191,792.1989556088395,2.0,87.47628580265778,12.004422891322905,433.97358574160256,84.46918100077883,0.4292586746280782,16.47183457641674,52.55222469941442,47.48603351955409,55.66801619433317,0.7316362997902143,0.0030000000000000027,2.1685700453382214e-142,803.0,9.588966502862121,49.41144242884882,36.45317629868032,50.518240440520685,28.259120220260343,64.90859538920837,39.80219871758283,1.9257162528621947,20.578040990518765,0.7458549866954476,56.780903254730646,2.313497877315252
EB20,153.0,0.4990837509577928,own,158.33196850600677,166.66666666666666,46.34539163403078,13.941888486519135,5.946271981899598,-24.783605645745723,216.4732032956389,12.641613838626943,4.758091921079233,6.719926693751475,-3.689459188055899,3.847674928287942,33.432088857805745,140.83728412834657,7.518388242355265,5.157345249905209,8.330918936299014,408.9200682922674,1.7555157490045536,37.18278534251299,9.780553346077964,165.8290250560918,55.64961769738712,1.0,9.132752575373013,37.286382527098205,70.45454545454696,112.05357142857379,0.4619241688655312,0.006000000000000005,1.6431598600237756e-106,1531.0,22.390569928484727,266.1549680861466,663.8243431848468,679.8253723718199,342.91268618590993,296.0120364423584,180.15195252511566,7.885564876799122,1.1245141181740932,0.6535929542073295,280.0841247987396,1.3479634666305365
EB20,154.0,0.632909046096533,own,134.87186848207145,153.15315315315314,20.281048524367502,9.089146846327445,10.57690653830159,-38.62571369778414,163.4497153253608,12.459413394511898,6.740586632414853,11.723966257425564,-2.6016166716221774,3.0,13.962684397957233,193.43642728253252,17.380943447201723,-27.387533055928877,9.534754124870647,442.2595594574505,2.0,220.09959794450256,35.8205735777443,239.8483493462747,14.44986739679579,0.32835631742317173,19.44642926996887,84.17217450402872,69.70338983050998,116.10878661088114,0.7741699667221573,0.0020000000000000018,2.3867282450846204e-210,1261.0,14.033664769692093,355.8538098054432,96.93709253403222,112.35607354192689,59.178036770963445,4.628505711174627,17.45085760524448,2.03187747258712,136.45348696082607,0.8449473701701897,7.261391470151367,2.332630052635217
EB20,155.0,0.8279811555847884,own,366.05959261187746,280.7017543859649,47.331724503225466,12.385541573514464,6.376518569402588,-29.414954037575637,657.9727775751663,5.165482268716174,7.034517740217679,20.900373891557035,-4.6171639857834,3.5476924687638416,33.33897087537079,83.84995706808915,27.85226812924655,-26.553144808851535,7.340611671339048,811.8468102517189,1.3756975209929554,113.68494590975723,27.446433730311487,251.95193858527585,74.70733575958793,0.32692644125631537,12.626622352743512,8.662986017612111,63.61111111111247,93.05555555555753,0.5886024919387449,0.006000000000000005,2.1454528544619102e-170,1246.0,18.403530642026222,81.66012229119599,56.59627584656255,71.97935694460466,38.98967847230233,95.63880705161036,4.6797776446907795,2.063760718321172,7.179143552847401,0.8540739408031759,82.99646710560323,1.5861587683456748
EB20,156.0,0.6611339045119952,own,224.86024190676517,222.22222222222223,13.667289318281824,13.282307867307399,6.974584658835598,-35.376615680290456,240.2670273640852,9.22336408447837,7.7766366039948664,5.861072157200161,-4.180557896479592,4.501994085612494,16.48047065479659,80.05513145626796,19.7480264862269,-19.960231167335937,13.625985519200402,584.3573806507356,1.5977490501085032,89.3565784286483,16.541120436664645,415.6691697939311,59.037377817752635,0.5233176950071916,0.0,29.722692230104634,57.512953367876875,82.25388601036445,0.8138100226794588,0.0010000000000000009,1.4760557724576347e-195,978.0,10.517237300274655,357.39572424993725,40.51686252187665,55.173391531981224,30.586695765990612,8.23039721795615,320.518437907424,2.761138842852053,68.96382303027836,0.8832853870907272,1.9351069572144963,2.6561783499492653
EB20,157.0,0.8804031867235024,own,377.8440803694377,273.5042735042735,33.55302200616943,3.5199745694221463,1.1549826398575218,-22.26915985823458,545.5899326813683,6.499887071474819,6.90011292035733,5.464388977627279,-4.672355598554826,3.7076410754779565,21.539159874773404,84.07221477567496,39.12397238357191,-18.75519068538106,8.275596453314682,381.1379281978493,1.828711855322953,118.52709915155425,12.228913269906888,226.055825070777,85.55620885738647,0.3084799744376902,8.117582591326935,94.11559873690267,26.18181818181874,41.36363636363725,0.84815512704196,0.0010000000000000009,7.975553624486995e-99,469.0,5.180436022609235,280.74774666146453,32.34307677302763,44.79488507836652,25.39744253918326,286.689137272091,244.63414361996635,5.923741227510466,321.5142314446457,0.8982393438707287,282.3358521418946,5.128278513872148
EB20,161.0,0.8077281503441582,own,204.81715110226997,226.95035460992906,47.799886573556684,12.59196653276818,6.514018437922007,-41.779843926110914,238.10158399621463,13.000002086104853,3.599997905506399,5.000000000172564,-4.999999999678658,3.0015431773243715,31.002773744966166,100.45168699653175,27.918798482230905,-0.5680830272913789,6.519329431963704,790.0290827224196,1.9999999939931616,75.07092321841992,7.291621646995911,348.720586201549,145.8809908526465,0.5483037896602093,5.3638903186581,110.54918275278358,58.992805755396944,95.34671532846917,0.6841185862787079,0.0020000000000000018,1.852865712636943e-154,1405.0,12.758748324108895,13.740141234538248,78.27217472718121,94.01555247248461,50.00777623624231,18.45778616181012,32.293063433745814,1.4930537422195242,156.56929255435998,0.8828017395292412,20.958576129654773,1.685222244841842
EB20,162.0,0.6686091757276986,own,200.3910026724178,199.07407407407408,23.216503831243134,8.993667339803565,11.316978593369981,-36.728226517596475,167.50065773594923,12.904455203093706,4.895545793625185,10.467107055996069,-1.221885315320281,4.776729776955034,8.694776248640117,92.7184046507719,17.415843749871993,0.9863863719449492,14.417338379452895,282.32073882254764,2.0,70.62031575906887,32.973514796295305,142.64260441389325,104.75902877551738,1.0,1.0848173504775547,7.8616052734907225,32.40384615384685,33.65384615384687,0.5102634188773826,0.013000000000000012,7.090111123844304e-67,987.0,10.002882289486454,128.56121235070236,133.3125844091619,147.9965945274621,76.99829726373105,139.78829041305121,7.506667231640054,2.3193020651537632,4.233546335828857,0.8340153937039188,128.22016780514633,1.2665993315622703
EB20,163.0,0.780655244324723,own,330.7156745234172,306.3063063063063,41.98384256423814,11.813536633597904,10.782421991971747,-29.479593766107435,561.7782866748963,3.6839033750478816,3.1154461781237703,43.40919867627581,-3.2587754231705777,3.7702979369267346,8.637558078276438,161.41611944617586,26.803600944563627,-25.86463582066375,11.321237557003874,878.0282742278915,2.0,80.8332034716001,25.23287222391583,81.50318415665926,116.1112616254752,0.0,28.37657061508205,120.61258543301966,78.76106194690433,94.23076923077124,0.539574185734855,0.0040000000000000036,6.05407935717358e-158,1853.0,23.007578470369765,297.95958635029683,126.9999877742357,143.57367145309217,74.78683572654609,315.8237460440146,186.31796492236768,2.5529078559973777,1.6417512132451235,0.850513715859462,308.8640626160718,1.5109885610590459
EB20,165.0,0.48219730585057285,own,108.40313284775584,121.2121212121212,32.31494517001154,10.294877137626719,8.635360218226118,-39.295914341018,156.98151035843068,13.766813115398586,6.033192845147628,19.549094388653565,-3.8360675504189636,3.169099075014037,13.381789234143245,113.89680111906911,39.26064988237905,-7.367533545072624,7.904316661359991,718.0339518540819,2.0,50.22195804642793,27.92110468162306,463.1196537827972,65.37695852002851,0.7411481385302703,15.979855492152032,39.89262844796152,31.048387096774853,37.63440860215134,0.7820759474285915,0.0020000000000000018,2.504436012244195e-88,403.0,5.708176488318492,359.09326048086245,58.311134681467706,70.30794436730775,38.15397218365388,10.927896348502788,240.77678760224646,4.585630703172925,1.9881372267544442,0.9191700429117492,7.750067560863972,2.6065977770576314
EB20,168.0,0.8756914146054796,own,302.7901631896557,263.8888888888889,45.2997982478501,7.951314226152696,7.496535765572746,-34.83921083220274,485.62500042343385,6.918386737279796,6.800000018190222,15.241326299234194,-3.628499905049283,3.0,14.991553029293257,122.59902051856119,8.092263829762482,-7.510216046848154,7.183531012206842,776.257601962014,1.9264629543797633,72.80693143710455,7.544077764201911,303.7819041847573,118.85235559648106,0.9299576001033505,9.620958707400092,25.15359350670886,49.71264367816198,65.15151515151653,0.6256155676043738,0.0020000000000000018,2.656511012872555e-156,1039.0,12.63936757908546,206.47225546283974,103.3657564819041,118.20379845520165,62.101899227600825,177.54278143924867,252.74975412534286,3.1088504346435677,4.948622790072209,0.562058193564442,211.56117085052188,1.8642896751696227
EB20,170.0,0.7887726264555041,own,273.90246743243466,231.4814814814815,50.0,5.265403681011588,10.29233451015508,-34.559212935001966,509.4714257421437,6.391466995088452,7.399999955189187,8.433786920266584,-4.704135291259444,3.3152518278040173,25.53256219344753,153.89067909914644,19.915982099006527,-6.670493119783407,12.055857930407443,470.7562995173151,2.0,129.6728070267307,31.62825761360643,151.45235572921527,113.64899837244553,0.6616146876236024,10.422578668376094,101.23150504921252,53.25443786982362,63.15104166666801,0.6406246888458407,0.0020000000000000018,2.840508389657356e-85,694.0,8.439302928170587,350.05098660704243,271.2100948220841,284.83751070360427,145.41875535180213,358.49198350523915,205.90313095967707,5.273868924528386,1.5166838579984534,0.7558735374868683,351.47515206437333,1.333239749307769
EB20,173.0,0.8485479538029562,own,237.13358060593333,226.85185185185185,48.60843829531228,6.541423816012013,1.548247208692671,-32.73845932046305,384.9863360038916,9.81578306703587,5.800195032495956,5.224826101390228,-5.0,3.0660519273156415,12.698801771554042,97.22202442810831,3.779880991861179,-19.095085507678437,7.812597101178342,801.4076691382235,0.175320247931827,113.0443819529812,26.47492390354436,330.9086191120754,86.6398512770902,0.5059908195319132,3.159339343779517,68.44329414204547,55.84415584415704,60.06493506493634,0.5926354273524654,0.0,2.683133931521339e-116,1167.0,15.23572685253122,292.9829562631758,150.18725403142344,165.37382892828282,85.68691446414141,300.7600422804729,156.02159440002504,2.9277596535324855,3.3969889846393877,0.9014125403374269,296.6237786142971,1.783438225585625
