Animal_Id,Cell_Id,ctl_peak,ctl_auc,ctl_thalf,peak_block100,auc_block100,peak_block75,auc_block75,peak_block50,auc_block50,peak_block25,auc_block25,apv_full_peak,apv_full_auc,mgfree_pd_peak,mgfree_anti_peak,ctl_anti_peak,ifen_peak,ifen_auc,ifen_thalf
EB09,1.0,25.508094274878466,6646.278050934773,132.59999999999246,12.596789853363841,5091.880618630774,13.589648541491467,5387.950467450737,15.736291866473959,5749.051905582394,18.581569653684873,6162.717338619231,9.064505800987224,423.5869150997364,122.90067545617974,111.49442483173561,0.0,28.142237113532882,7569.264092606614,157.79999999999103
EB12,50.0,106.6313918853299,50934.143169383045,,76.5609909050535,38971.05189375678,78.83460071174065,41209.810056690476,81.10883087019374,43827.51161025865,88.02000934449097,46989.7275916536,134.5620133491566,28638.6825633052,261.33557497652305,245.57288946528757,0.0,86.55963828139242,42138.108181449454,
EB12,51.0,76.1185812014749,22969.14871006312,137.59999999999218,61.199765710539296,18141.824301189044,52.77002988146475,18860.573721386238,54.13040370567583,19903.90242200753,61.884228642450104,21246.402457303477,341.5982940846729,12590.501938026973,342.7082488595101,340.1115113251983,0.0,71.80803142161395,21623.743848129343,131.39999999999253
EB12,52.0,120.88579793594383,54422.90082033021,,75.7476574778424,47409.53908338171,83.64877170593526,48619.04857055683,93.59805544418617,50066.778875707096,105.97309344630395,51901.350612464834,541.4607245815941,27896.521866000523,299.0076318466755,279.1846083658991,0.0,120.07456153799066,53608.5141805493,
EB12,53.0,118.87888982483386,42415.20979847012,313.99999999998215,104.77279783890395,32096.01833610059,107.72126751787036,33969.47445327873,110.91719519529913,36186.99717618583,114.59866892313087,38911.27696657048,544.8737147680755,32586.29349096949,236.79693644459599,196.25491846996485,0.0,117.5369678779674,37507.26160305695,170.59999999999025
EB12,54.0,107.55042131050047,44784.466982237005,427.9999999999756,63.6599815587128,33273.98741327044,71.21065452019798,35247.49848634307,80.26655950530646,37647.48781635886,91.60720069961391,40711.3311813677,351.19101147984776,21835.046212437137,320.1812388726271,275.35654608666323,0.0,73.54153296931909,33554.706005743705,
EB12,55.0,100.23319515498274,43850.324422903475,,89.45319124815285,33530.907517573214,90.5109961616883,35443.83806999695,92.58666246274544,37697.91764293697,95.76341465949034,40431.66501916837,217.48240531193275,17305.886973024197,204.17710302783888,106.87847539347713,0.0,95.2430286807533,35701.19064064503,
EB12,57.0,58.627215108254845,23559.574626154987,287.1999999999837,27.941012115296765,12260.72168017547,31.085354332192132,14288.41647451169,36.7284520660741,16696.132908544776,45.43741356540596,19683.351170785245,50.264581448841994,1403.0822076243126,223.54587631217902,200.71383240323678,0.0,44.68434315321335,13782.31339814862,135.5999999999923
EB12,58.0,112.95419508994853,40771.31826715642,306.3999999999826,54.91204788104612,26002.761112345073,66.62596546416057,28333.563432545987,80.17995961030535,31261.863452525842,95.34436884029114,35189.21943480806,635.4786486312767,24317.037330521936,337.33101072591313,248.43670921493668,0.0,95.723173297724,27653.177186997294,30.59999999999826
EB12,59.0,55.301569446514605,26369.571794075688,,39.911244371741034,24575.404388890587,39.75190596271375,24836.47604410807,40.75730626872752,25208.09905046621,46.69280797895732,25727.98973766176,194.2061871546911,16455.484322211185,121.23163830229353,69.12599639523302,0.0,55.301569446514605,26369.571794075688,
EB12,60.0,68.21085504356918,27945.692736560806,,34.777719979117435,22279.728665516195,39.21311060325203,23369.286338772046,46.07407480729091,24675.814747512155,55.65762527710929,26178.69503289813,307.85831903501355,9777.887617102362,268.17425606187,199.6040544487045,0.0,65.78843394099214,25190.268042246284,
EB12,61.0,80.36862698406992,31195.569012171127,338.9999999999808,46.90458793671566,21422.66865073927,53.62173331037917,23075.368431608753,60.36985167371,25097.373872189077,67.14399972425325,27671.811364794332,638.5662815380028,22956.940088056603,308.3983351797226,278.89128939047333,0.0,76.91755302062401,25709.85973177387,177.19999999998993
EB12,62.0,145.0194876108412,50122.652978419836,192.7999999999891,153.97428495998173,39737.809887991956,131.32254899146685,40712.356760100054,124.98523933096627,42659.086479201665,129.5415878409069,45678.377144011465,394.3199708899632,27131.655396090013,438.9057915506353,398.4728670570885,0.0,120.51605439385573,40099.75653655596,59.99999999999659
EB12,63.0,130.7615950178215,44006.76995808689,273.3999999999845,105.79460950991536,29916.26341174138,111.53369390312267,32351.93643505543,117.4070591291356,35310.517061584585,123.77322214337484,39056.52483181154,540.4418283695838,31068.797694304,258.27751477633524,192.48067758575928,0.0,126.71907732176962,32678.04928288971,44.99999999999744
EB12,64.0,40.68255381341055,12610.381236525955,25.799999999998533,40.15212543364483,11893.79413085421,40.27095857366452,12070.782237950376,40.3975546918069,12249.170201563682,40.5365641879391,12429.085677824387,42.909896397619605,2008.2955468791624,41.94107471328206,0.0,0.0,40.10007767070012,11942.131558879693,23.19999999999868
EB12,65.0,22.97586674366059,14307.257380198354,,22.094996771100384,13757.25149878642,22.089535361665448,13889.047899298559,22.08414825962927,14024.452332329849,22.078814770875816,14163.748916057124,179.9847823087131,6471.812654099656,29.169877957552472,0.0,0.0,23.73575553631586,14438.73608577719,
EB12,66.0,70.57006153182206,28092.404390242413,298.99999999998306,31.372844218956523,20285.510828808277,37.94165272374045,21766.99971683846,46.21859756586669,23502.24242547014,56.65701878435475,25555.188773226015,46.463753733796906,2400.2607402055028,277.3764311998091,216.6845575048411,0.0,57.02891850070297,24264.784257695723,
EB12,67.0,0.0,0.0,0.0,0.0,0.0,0.0,0.0,0.0,0.0,0.0,0.0,0.0,0.0,329.22826166774274,0.0,0.0,0.0,0.0,0.0
EB12,68.0,148.79883392361222,64022.7174066539,,118.6927175638253,51303.124574140114,125.95198815024932,53309.7110342408,133.31375699838438,55800.857466585585,140.76819296808253,59121.48873711973,894.7067142328549,56104.79258373622,368.5554090033764,329.31456952465726,0.0,145.55230054495948,56008.50750202142,
EB12,69.0,116.13984632803468,43580.22868956669,323.59999999998166,107.40930584708103,35061.20827462364,109.04175324819454,36484.504090556555,110.67429629441051,38216.46550649091,112.71961763557644,40458.04512478206,993.1285092428566,48419.4356118774,263.5053569385911,192.54251034945582,0.0,115.9021721721386,41041.248443676566,242.5999999999862
EB12,70.0,74.85466179643254,22733.348467473916,125.39999999999287,31.068811284226694,18211.076644047418,36.24127358222853,18977.41171621542,44.700427727715144,19925.97062806062,57.50489275909719,21127.97108513073,149.44286961063574,7079.732200438966,286.2171377031819,243.82160462750196,0.0,70.17364727156489,21602.711146953116,119.5999999999932
EB12,71.0,89.15697422580361,28427.970609042466,154.7999999999912,29.464331807978873,16721.48383198728,34.98367953230908,18347.319397664425,51.650008398055434,20509.971652559983,69.72872940196397,23620.67796674196,335.7500818223277,16691.418052727615,351.87254800483515,338.67371736312,24.711284423397828,73.86297745177885,18642.279002077543,45.39999999999742
EB12,72.0,93.97850153208961,39515.0281721062,,73.11740377990975,32058.742618159464,76.70715553094286,33338.61229734642,80.9779408701678,34877.862746233106,86.49112222470626,36832.66929361331,100.30738111918838,4996.586008275044,268.3944943332735,206.52726240408919,0.0,74.1751272391968,32195.449069420145,
EB12,73.0,130.1259464235868,43415.582421211104,165.99999999999056,44.818072781073184,27793.91003778811,53.40201644434408,29626.751909827646,76.6835841622644,32279.975423605774,101.03558795976488,36610.28492675774,567.5226070123916,39166.11282922424,414.36361581144445,357.2071551197246,13.430394924800462,123.45231613748103,36917.77794528789,124.39999999999293
EB12,75.0,37.19513597062204,10243.146203537879,142.19999999999197,17.774824726639245,3990.454889136121,18.53667520508033,5069.3630943409835,22.19431438078175,6504.530188157212,27.97921294985384,8192.221369034212,224.98367689274403,8994.884643266421,170.49867828410257,158.19934038309702,0.0,31.973198779398743,6588.824704118268,114.99999999999346
EB12,76.0,12.80624857119424,4648.021385698075,260.5999999999852,7.20933060089958,3480.1637018129177,8.46019326283334,3740.0286825616486,9.822034086090852,4031.8083635055596,11.275711102156029,4335.354347005941,78.5500531873379,1703.935413116254,34.9294077887008,9.951928929371096,0.0,13.265071347227801,4803.921518407725,259.19999999998527
EB12,77.0,82.52213724796059,24213.98531869303,143.59999999999184,37.22788895830067,16715.691644028535,41.94734512789724,17748.688636969047,55.319413521084705,19142.820709023883,68.86402185072282,21160.03495604945,244.12368967620495,10241.248507235776,240.4581479981483,187.9065793614783,5.323143645591229,83.21692803212152,25155.609579350436,153.99999999999125
EB12,78.0,76.3077913733697,31837.119718799302,618.7999999999647,54.447207893863386,24769.691850013136,51.69876317592171,25846.644253045662,54.451813615175865,27244.168879837176,61.169746002648495,29152.25512012201,514.8065801305488,27817.547694156066,340.8483782232163,308.9980822657477,0.0,70.31186195881047,29191.97416890226,
EB12,79.0,68.66450311580041,29783.870458771387,,42.64167851364162,26463.870955026316,47.85408054195194,27150.958432920084,53.87053724175045,27917.410090935067,60.76193966568999,28785.181689310746,453.1141708600801,16866.385469431105,178.43008027060176,151.6624592487039,0.0,68.42809661779499,29633.24086244759,
EB12,80.0,64.90738203356877,25910.620290086958,,33.54861924229204,21605.2189560021,38.783425225310175,22395.66437608096,45.25824830671661,23347.13603195202,53.71664597621397,24499.281596532026,234.24833900212997,13502.853654396491,220.28986589819306,175.5590517874329,0.0,84.89342038184311,30851.92627152551,191.7999999999891
EB12,81.0,21.632418871256803,7074.495684957514,170.19999999999033,9.177365570815425,5116.844530857128,11.823305962584552,5569.296789636815,14.835059591641514,6042.876829101175,18.07604784543866,6542.545416522161,97.48214508642484,2508.361475249999,64.55288383185189,29.787681494097832,0.0,21.632418871256803,7074.495684957514,170.19999999999033
EB12,82.0,75.1109750611694,27199.452803525368,215.99999999998772,34.11193684029155,16838.74981646207,37.300940179080385,18516.677793429997,43.447457260298556,20628.02437316635,54.333459176120755,23440.0765278958,266.4127330809713,13151.379674327409,269.4364318848209,229.66950730134175,0.0,59.95204010583272,20015.43967538825,165.99999999999056
EB12,83.0,66.51309018574868,25109.2156553432,327.9999999999813,26.740449212854724,16483.4988287174,30.621183810998048,18024.18941931791,38.3441546615423,19943.93596730369,48.529447470210236,22262.504251514787,75.04286555070723,6910.176538506747,251.51851558909857,251.31555318636467,4.6484304138521395,61.31491609362506,19674.116926014656,161.7999999999908
EB12,84.0,91.02957906642288,31684.213389753182,228.79999999998705,53.32836233166553,21572.360990529356,52.91760657095362,23186.229995700516,58.04568837332375,25184.601824345846,70.062519718816,27834.12688271329,459.4813941078804,23736.642369541107,390.59229720874316,343.30231088990183,0.0,75.80513149984438,23759.32956130794,105.39999999999401
EB12,85.0,43.25533498147629,18393.05995753402,,30.42362801145896,14957.208498057713,29.809080247335096,15577.889401604643,30.487265887148105,16314.947208225252,33.231401000563196,17234.908618786896,310.3340794358881,16341.667966466177,147.6167164119816,118.67080292238148,0.0,38.03863484753721,16069.121724159528,
EB12,86.0,51.13383442921757,28209.94364000523,,42.02756931006577,26799.74834672035,44.09280498752506,27143.882565094966,46.30034336813736,27493.41868099925,48.64855990432609,27848.660264284918,236.13898922800666,10412.221234827053,77.36850358197667,0.0,0.0,49.651517234591246,27349.68091885968,
EB12,87.0,79.24183150778369,41174.95632152686,,78.02454275885869,40902.71456843545,78.32663950968131,40970.21518571178,78.63008650717637,41038.08324475518,78.93490521029359,41106.32910592724,506.2719592261087,48187.35223519002,80.99899662931456,0.0,0.0,78.20821849466071,40901.46995040472,
EB12,88.0,164.98058810505538,62764.2028346141,322.3999999999817,143.23729643746384,48318.15890233319,148.22859232034688,50470.554831702,153.23649109899628,53228.11092161671,158.70255244985572,57081.03396083854,665.1945709458828,47467.04397608754,322.48153261902326,253.55827576603235,0.0,152.99086809636583,48592.235874766564,27.199999999998454
EB13,90.0,97.40607029208275,40010.75967665626,,79.42811656575842,36271.184073177865,83.03218730405814,37019.42395182807,87.17242014019936,37871.00273719885,91.93510367012843,38852.31699435597,587.752144503356,46250.74194238357,205.6188636931742,155.90273449269634,0.0,93.450539242423,37771.174025006985,
EB13,92.0,75.64581369402768,38064.98877622796,,55.53018751944492,32280.697644323507,57.979000230298034,33487.1204990008,60.536851109569206,34862.5542897347,67.33241503536284,36378.42174642743,90.90285739679726,14617.265841440636,174.81764572388425,169.39397038216353,0.0,67.8169430689045,35235.973770803044,
EB13,93.0,125.73859254413762,43314.17779914943,241.39999999998628,114.78429276348021,30791.44637608921,115.00295816698555,32741.379157787975,116.75221848261526,35200.24000795028,120.01740420968163,38511.53048363066,483.03058144298063,27367.53691682214,290.37777706686916,222.2432441525018,0.0,120.74415638937127,35123.582024311174,101.9999999999942
EB13,94.0,46.12610405593323,20535.477089565837,,23.610870361093575,15123.97585021221,27.539519970173785,16265.558115167572,32.71379119652735,17518.841285155184,38.627451655233614,18922.266947877397,215.35614731482127,11092.179237141989,116.36035663622876,99.84656880101204,0.0,42.45548699885801,18266.745300665352,
EB13,95.0,56.831451539358795,34559.53862901571,,53.88195818303001,31796.35425445837,54.4395664340645,32448.343931448173,55.09015315565802,33124.52703374172,55.87683662874274,33827.32864111346,101.62476709143588,16540.105113208938,71.17157975486262,45.48644774027714,0.0,56.77903189207403,33245.8784898741,
EB13,97.0,66.5524373431264,27859.21599125746,509.7999999999711,33.43364582074224,18491.107026381636,39.693780863517205,20250.405089904096,47.08895117136423,22290.497494941967,55.87969976033968,24750.000940481896,321.4530558575375,12093.219649657603,215.3809503600594,203.42019846738194,0.0,60.721094909830214,21284.513136795253,222.19999999998737
EB13,98.0,54.362527817810545,26964.19697740052,,33.83469503029933,16848.191135866284,38.11367909633728,18749.77401407416,42.90703814426227,20963.47652051233,48.229566026563255,23625.77083133783,325.4199136088357,12922.336676784023,215.72394916988594,198.6206893149566,0.0,51.06246185352845,19326.095500136456,
EB18,102.0,50.651308942795936,26404.993800254644,,33.886243651062024,21123.156251441324,34.15408800980394,22149.431347429414,38.31582647519571,23424.499990621225,43.870212297777314,24830.230629452333,62.10206643001507,8463.766557250265,135.90960339747554,119.10434847396647,0.0,39.59964979768914,21781.15558529877,
EB18,103.0,39.051973828181524,13405.924823001928,194.399999999989,16.256066617082062,9425.65400969905,18.691238920264965,10127.988099095459,23.14384414579734,10987.40383411695,28.798334210948827,12055.289387021734,199.38156396593888,10068.675100732067,160.04903081777067,137.035726159365,0.0,38.21945540251945,12861.42720502005,178.99999999998983
EB18,104.0,114.49431953214392,40471.50763328771,211.79999999998796,56.293554182789215,30771.5349662254,59.25501413801466,32013.06412313191,64.9274435413234,33737.60814678416,86.27327077412468,36315.63394388456,525.74580692618,32163.86702390821,440.2570521837106,403.1945730797546,3.271491227285817,102.8620397535417,34411.377098239056,160.79999999999086
EB18,105.0,113.4601038524164,52055.673839131894,,91.4372448917444,38769.50478838876,87.35090057776327,41248.929581410135,89.42597965194048,44162.24820301185,97.74112760831008,47686.285507583554,198.68995203789723,15405.475433049558,299.6568709753043,256.53707785625386,0.0,92.15178739185691,40084.746156011985,
EB18,109.0,88.06977397426866,40260.55286121808,,49.48883950719683,30881.636435575034,54.0076567580241,32343.92840942681,60.821391608543344,34174.234679018366,70.9016937993567,36630.995770907684,536.4518814225348,39108.7800097344,284.07604413145236,241.21504153199203,14.30096070807688,69.88999698138505,33979.26344507735,
EB18,110.0,100.02878425028058,35320.213342369236,280.59999999998405,158.5745996220307,21723.144184150875,120.23564541605298,22897.359109749767,103.29609428879084,25360.07256110431,97.76021969520694,29168.942525051076,338.1148344377679,19628.19888554792,350.33843282112434,354.83746637645885,0.0,90.19962678417407,22218.282181296963,37.99999999999784
EB18,111.0,143.18360864373562,53238.05174669857,325.19999999998157,126.54321711850247,36872.36100155428,129.9999713594678,39343.845325303715,133.81787386534432,42467.10653453581,138.15345206268825,46749.77933898616,461.2365561131304,22109.887426796122,336.574490972548,286.76657392732943,0.0,140.82241144327165,39617.0385456564,48.39999999999725
EB18,112.0,149.57350332023512,62790.42883798644,,74.80153505729902,48294.05770389798,79.40060606802756,50722.00630444229,95.3263018483598,53720.417769905194,119.61536905335555,57607.576685487526,340.2011293986397,25041.77197891347,416.47408667401294,349.913111200941,8.415753734754468,128.94634902916218,51819.09245818354,
EB18,113.0,92.73763913599484,35075.050132736134,236.79999999998648,36.47203807175855,20733.536762575804,39.189433123213334,22661.4603109179,48.19551617231464,25285.408692273115,63.980539932408334,29109.105576716815,302.8271743640485,17426.44288077081,370.84557597207754,317.70698027893854,0.0,72.01017683730709,24149.956796280574,163.5999999999907
EB18,114.0,76.07415210853713,28983.72456477544,330.59999999998126,40.69653807197345,21580.23838573846,42.91443346228132,22891.850492878297,48.94854167079149,24468.82881115853,59.60872120162679,26439.7684970779,162.89585648329407,9834.766063357281,209.54100797548261,155.929412263867,0.0,44.33226631458835,21598.36439719356,
EB18,118.0,82.70329784781988,27675.3260413616,221.19999999998743,54.76799523347094,16176.647965991597,50.05629247322761,17868.425839795458,53.19322593657104,20277.951518001104,63.55520531510862,23448.12617618373,250.4518991989812,15387.736931558646,378.3212815862937,378.7728785133889,0.0,70.93534727194992,19735.817377503074,137.79999999999217
EB18,119.0,100.77876700496218,25995.461888832157,192.7999999999891,41.8995660066963,7322.343443308542,37.61904767532032,10220.420037540316,54.52942391029184,14470.883383901637,77.51146218890698,19526.938842065232,37.36911158203103,347.88849259955026,448.1224188981244,451.3116257043447,29.92282241786853,94.81790692688568,14836.614551160146,80.39999999999543
EB18,120.0,55.0189392402429,14726.02709530797,129.9999999999926,27.652349279114084,11430.57533672319,30.117530308421905,11904.667213504297,36.22948762649078,12585.346085033063,45.53403813864882,13537.86834931362,255.18606925867357,12142.243274193568,193.8020739588868,192.7376181014726,25.114063887572595,50.63311633892724,12517.322446849264,77.99999999999557
EB18,121.0,143.96447153532733,51889.27420342115,262.1999999999851,121.08847623115872,38053.61445711373,126.79741107457062,40026.87929010591,132.51381087740097,42553.33618921379,138.2364871619627,46140.545786842435,466.7184508735743,29201.551801164118,403.75132202359356,357.03248028925043,0.0,143.26921048919226,44476.225696116046,149.99999999999147
EB18,145.0,94.26406509844968,36314.116905119095,,122.80048443597823,35644.4703690897,95.37880421680671,35154.1798503216,86.42519941659006,35295.13116854946,87.05130238329878,35698.75518498452,554.6125942622765,31111.51648850854,192.03538107727002,141.7032770819413,0.0,94.23850596420473,36300.73655135311,
EB18,146.0,52.86703454553978,23924.91245680313,,46.6639157237392,19815.75381889637,44.36222613358793,20629.66457341693,44.621207035338436,21573.25675424572,47.337412464918685,22658.408983228648,279.25866554710365,12389.451552784492,141.59723906722354,99.67451517418888,0.0,45.81181172958199,20496.557361051084,
EB18,148.0,104.52063021318796,53204.30277276559,,56.880943575844086,34405.35770932885,58.56190482889683,37836.09674866239,68.62219890879592,41905.76153890445,83.60849118329773,46904.36393205199,79.68866622442053,10851.191679215513,298.0408045528422,277.23557680759313,7.414400965524254,56.756395230923516,34552.653128215374,
EB20,150.0,26.276064757944738,11991.580405273304,,24.33101868738303,11086.667200005506,24.40872124486511,11269.864419066358,24.767640576685494,11493.885312749364,25.386451914523896,11733.74083861442,126.36335269540379,3505.051044601416,45.68579377722932,0.0,0.0,25.77730419027646,11388.71405866057,8.599999999999511
EB20,151.0,86.974735117514,31034.03762678753,226.39999999998707,59.57900798461563,13234.39775942704,49.79955432958078,16022.101293826625,51.30221941511714,19687.04149754058,61.65079260286574,24493.62206236958,265.66573115348325,11361.524564009676,301.6257727540791,277.35183300736065,0.0,50.34631312935066,13949.498862822022,75.19999999999573
EB20,152.0,82.25733765885816,31483.467460438835,270.39999999998463,36.9110564151848,23537.926472569343,43.73056612570918,24939.859196192305,52.95098432396881,26647.26109682243,65.50990749643684,28775.292507739166,304.103539686578,18265.544245458947,271.28786122726825,212.3781336779648,0.0,84.52124972126899,32078.20533950713,255.19999999998544
EB20,153.0,72.83811052393602,36528.20110917307,,52.65406920229863,33274.54300344155,52.47781660325945,33840.335692645574,53.88174999236317,34476.563722219485,62.60478835734387,35409.80354523721,111.81490089743437,15934.24344378526,166.97202763382185,138.95663758566673,17.153337849304794,64.02275066643489,33485.53110908622,
EB20,154.0,88.64113609442319,43779.88880743421,,52.117334454857016,32505.144515745757,56.1355086910131,34350.63630133101,62.80871854116755,36637.09145173125,71.8650697057925,39697.63094683068,338.04209132573266,22797.87445610278,328.569176420179,304.18362167580614,3.150336126192423,57.07088184789741,32259.739915567297,
EB20,155.0,126.98654295904274,45949.36770868579,175.79999999999,50.852874361608194,32309.6671429789,66.84251334237695,34065.19188732951,83.66799250949556,36483.36826310368,100.92093989488535,40143.14261757857,488.36529828940957,25277.89001031075,459.78369928986325,382.82353820538106,7.916723535615084,126.99592822593063,45952.001830302965,175.79999999999
EB20,156.0,113.58970859635706,48705.19315076516,466.79999999997347,64.33584266872592,28960.774493994428,62.93653243177029,32345.165517577803,69.00420383620852,36491.198082838455,84.61731903404372,41767.68977055269,282.2042752202354,14376.89526096242,330.2219904793257,294.2435570259023,0.0,74.24996072311798,30397.16835441773,
EB20,157.0,58.94514027296798,10456.895445578659,98.79999999999438,27.070167923337305,5167.34805006065,22.543762103323385,5849.76367450125,30.224596043043945,6963.099112847436,44.46546669605844,8468.341176188253,219.4215034154335,7751.729878246046,239.75177926516847,239.35755821355946,17.561792943683056,57.71886743040601,8978.711992066465,67.19999999999618
EB20,161.0,121.28060147324713,43361.45216844303,265.9999999999849,29.78957090313603,17656.48590258981,33.95666399108214,21380.26247074298,50.69878520051522,26376.943271011998,83.6335551882904,33505.33093410127,241.86275369662326,12272.884544945886,361.53380192736245,317.676628566226,7.992543756412171,88.39556642702745,20259.829035051058,36.39999999999793
EB20,162.0,112.63154425797836,52819.31314056884,,82.17998449302584,43705.2607406903,83.32883378944099,45276.07531478822,87.22092782355237,47151.419925271606,95.78630913613833,49530.37850230152,452.56191707197695,27147.360765507106,277.26293682711696,228.21929368962037,7.145794019769198,99.58687299540347,47201.24182153419,
EB20,163.0,143.2470179774685,61428.393932598985,,120.70331088079132,50168.40754717737,126.40791379019882,51934.636278334845,132.0478777211235,54133.58375475451,137.62385105406852,57074.00948917572,1000.0,56150.22080802953,343.1952381701984,283.5440479956052,0.0,138.89100658093938,53818.19084094176,
EB20,165.0,76.4433834728058,43872.45237581148,,61.71735713206631,38215.71063707489,63.801838960155585,39464.54085233608,66.5049786678763,40810.27877724993,71.11463759517983,42271.332335486266,240.75025056440796,18879.267378342025,122.07537311903451,81.20510183811831,0.0,69.45982103576064,39619.09486265577,
EB20,168.0,117.27068353794054,41809.815353804646,172.99999999999022,54.999561408444485,30401.716420919292,63.50892443619367,32008.17019640753,77.09088958590195,34134.17533975674,90.8896288785534,37151.71267698491,396.03606408877863,18739.01364090431,412.0772936217744,404.5705222216869,56.14356753346432,104.5614199576363,37461.39130493153,178.59999999998985
EB20,170.0,91.53036577188335,34120.7188653526,213.39999999998787,44.46607303626329,18881.041712339094,49.844860932853834,21467.946405328636,55.256020814253574,24609.652117984137,67.0680626088837,28633.362991449925,137.67409986953433,5534.862104811767,272.96029987021785,215.59018186357264,0.0,64.8579458240124,24063.78548526301,272.39999999998446
EB20,173.0,93.50225194915092,31237.1963148526,165.39999999999054,55.44806063478241,20139.344664801396,63.64948618185116,22368.235487075865,71.9075502532155,24880.36762136178,80.21817055242059,27778.48438719454,109.66434011089918,7721.1854687230225,272.2186364410769,261.40101898293557,52.09263802757935,86.06746064796283,25198.545348685762,135.19999999999231
