Animal_Id,Cell_Id,r_split,ceiling,r2_in,r2_out,tau_E__A,tau_E__B,I_baseline__A,I_baseline__B,I_HD__A,I_HD__B,reversal_potential__A,reversal_potential__B,A_fast__A,A_fast__B,fc_stim_duration__A,fc_stim_duration__B,stim_delay__A,stim_delay__B,g_T__A,g_T__B,V_half_T__A,V_half_T__B,k_T__A,k_T__B,tau_hT__A,tau_hT__B,E_Ca__A,E_Ca__B,g_h__A,g_h__B,V_half_h__A,V_half_h__B,tau_h_on__A,tau_h_on__B,tau_h_off__A,tau_h_off__B,g_a__A,g_a__B,A_sc__A,A_sc__B,tau_sc_on__A,tau_sc_on__B,tau_sc_off__A,tau_sc_off__B,tau_sc_off2__A,tau_sc_off2__B,w_sc__A,w_sc__B,sc_delay__A,sc_delay__B,tau_scg__A,tau_scg__B
EB09,1.0,0.8038738957678206,0.794371209704373,0.7327284181301124,0.7075205868475678,37.83476021565185,31.74387421069181,3.7240623511161672,4.205518836710266,2.692303267015662,0.30956042783501614,-34.40016155180986,-27.434095240047963,216.4275389377664,228.89872770369087,12.923943882560936,12.67475182450512,3.5535569608751825,4.325248187982349,5.5696063257696835,5.000092121632768,-4.542140709295955,-4.9575132807199855,3.111102295722505,3.210110720974667,34.425701453184146,20.98701635167273,90.85806941286825,86.88237820503122,9.556615018353888,54.04285211996763,-24.68676670499308,-20.143630562941052,5.253704034893554,4.713667728938929,749.8342235335795,357.87729556072367,1.6059444308760151,1.9395831396393481,69.26048590317971,73.64727043750669,14.625697223044302,13.555028880129365,193.44163953357742,341.26502474829374,71.63453135480266,112.32448633791577,0.51581998729866,0.4081897199304255,1.2099063260263954,5.90686340601064,36.31896556454806,41.301561654216336
EB12,50.0,0.5870906687938146,0.5473522029836521,0.5383262623197538,0.5278802794987417,44.63230318623529,47.53268860049626,9.316990805599998,5.283734838551969,11.066320441299899,14.837235401703277,-46.418101901494246,-36.71895311892742,583.191232568583,360.63060152515885,2.910202985386822,4.515299735658475,6.28979700568895,5.284683380626503,24.414276224521124,27.952984473485895,-4.734301183396656,-3.872784238389288,3.0,3.1212882798752353,8.0,8.0,96.30833974946682,86.90414137696189,40.96049803047428,59.78023477562722,-22.00565532746723,-16.103488073466025,14.746559757447242,10.639453930318075,332.6423972351725,414.3026189012816,0.49682400109058394,0.7436644882840975,103.72062474247862,66.27212308740471,29.618973484798616,14.593288648308718,355.3780164719686,177.56909352163132,123.29149653102883,96.18384957081919,0.3425119010787224,1.0,2.8557280450402103,30.0,124.81788696119916,39.773841227384864
EB12,51.0,0.614331054864349,0.5792682538531468,0.5465334587043758,0.3883556501568294,10.040385999076799,32.696602233336584,7.607631716340848,9.977039312295085,10.16969173964273,0.3388192010154837,-45.63054461002813,-27.32024068928114,170.68440445474096,173.47381714953838,12.302810905229762,13.540364834459506,7.697189091737051,5.800193439469101,5.0,5.0,-5.0,-5.0,3.9295854710209257,4.209984279181158,8.963056340597738,11.954729396895823,121.02628733051243,149.4714901544135,19.48523714249232,31.038710363133998,-26.9076777814607,-10.626272038801806,8.027582977124055,9.025002908023186,323.7136994383749,712.2651936648886,2.0,2.0,69.49829213761983,116.57709503947983,14.843110126711577,11.28293608383052,147.08401898622216,101.14486727038535,95.73039146251381,115.05419634199569,1.0,0.9532887696752971,3.893017543864821,7.9620170439166325,8.549877946674592,44.990666963517285
EB12,52.0,0.700178443981823,0.6784040822968269,0.6764175282727132,0.6473576426444934,48.29247917211297,48.40234217625895,8.126887574104684,6.932674581704121,8.643173657091173,10.566810968494384,-46.685269551550135,-49.54381659625122,611.9216663433831,566.2577844185255,3.1077327702324675,3.6379514720576402,5.492251934284695,3.162040798314876,25.388491688915106,56.95370921114589,-4.340504323811945,-3.392648613112332,3.168488827485654,3.106093318530372,8.015397888408977,9.01566126660524,125.22378231211597,147.3608110829652,19.5971946851401,51.43643341612343,-2.391584510015631,-17.80174209704081,3.7141254847649217,14.096063036709946,859.9622216814867,859.5235574594747,1.1603804338057069,1.1305060257538129,69.26318290132787,101.18592973077254,12.841339366040248,33.4833874187361,361.3000649665881,256.0301592320843,63.93823398605242,107.37775046880371,0.8595683855120878,0.49537310995661943,24.531726521364902,20.927627017062115,11.962111906719773,50.284373212288756
EB12,53.0,0.7011923938003986,0.6795595492997056,0.6773786276896541,0.6452924633490267,44.61874377884741,46.18655571401571,12.134431975317193,6.875868386345165,4.7540963891310275,13.368394618397591,-29.460519713667072,-32.85658942371141,334.06321214204263,376.87813544755727,4.914161231331905,4.181181229140959,4.999997630674081,3.01881877084596,22.794481728158654,20.71564485761905,-4.841540164596664,-3.6636345436629827,3.0,3.0,9.991703226439814,8.0,101.44250054697343,93.86538156628558,7.543212870548649,6.6005094585136845,-17.945367420685066,-12.088917536349646,6.001031418240656,12.10341937997857,829.0081421038495,499.1767302880466,0.5726880758066274,1.802858650539145,87.8480262039762,97.94670218959682,34.17067085847416,26.45583327469628,182.4964699390439,341.34912324360005,123.97511022349303,79.95876174109215,1.0,0.6316002899670258,27.001506383410025,2.1144389265455827,70.65216065542415,79.16614690147811
EB12,54.0,0.69622034068639,0.6738897837307732,0.6582085688194488,0.625429654348667,47.58097023967862,42.364874841976274,7.746953928071689,13.027608058831376,13.23582852286809,8.171155262611347,-36.38480587070082,-28.840785403955042,462.15430390182155,489.6461590941984,4.514235395938158,3.668792456998407,3.485764596225663,3.600033002232503,5.412612739460672,28.96886439352571,-2.160825708413104,-5.0,3.2038938040618756,3.0,13.128398282184513,8.0,197.7281669310348,105.0181466688615,39.31368921103063,24.1781954344259,-12.177400648013226,-22.473847532675233,4.5852756882315004,6.305347144776631,535.3864823601031,611.2932936717757,1.9308360796923583,2.0,267.89859963598826,121.11598294202084,29.385051619350804,24.56173242283229,467.31731822588597,274.5694504432657,26.152062316287154,131.90712457075824,0.22424818602009433,0.7670161428220457,3.0678232002928816,0.006581230542287234,28.869766267409457,149.59288559257865
EB12,55.0,0.5820476885120973,0.5414246045269255,0.5729206154732795,0.548216262073301,47.761704600685015,37.91324117793797,14.78630454290579,7.596888193811464,6.288833505375608,13.734019692594666,-40.18833893505202,-25.529916476060365,475.46711711594253,418.1334502484165,4.087010724081454,3.9991387785088763,3.6000129758149204,5.199994878589883,33.02733195391981,18.295138576795594,-3.624818406722255,-5.0,3.216473113342813,3.0,8.108793818202537,8.0,102.98207166940003,104.8236218527253,26.887779839054314,11.733301641584495,-19.44725844640908,-29.048277502254763,10.539022514240004,10.532550021200437,646.9894036822793,718.1686401477232,1.5554350026176647,0.8374799724743376,162.33906286029895,82.40017980358037,36.257935535033056,20.192872647103467,159.21420015830822,247.06067374975308,16.345464838374106,133.8949710167246,0.468308403811398,0.5508571676624968,11.3730779932574,5.4903852794093355,149.66880050992648,136.24399794188693
EB12,57.0,0.5101750349934395,0.4565031977338192,0.4575852409009943,0.38156159488261554,31.460501797798944,39.22496255807397,4.131930226282112,10.333683380142315,12.077911942053717,5.65579341236616,-34.09493161592398,-45.793438271675626,202.9462612433726,200.70938246103947,12.444406852764931,12.480194913547564,7.200050998968167,6.119806754334242,5.973446479329396,7.778004724645518,-4.259687736023239,-2.574881505078667,3.16597835547947,3.0989972305558005,8.911100946770501,20.500230186755214,102.7619652004387,82.35690702681158,10.107383539245056,15.171292429786476,-25.0754600552696,-29.468305748429078,10.57835868557315,7.536133306756248,587.427945633623,554.4346415520183,1.850583696991721,1.992100180404405,78.07071557377316,277.92414247488625,11.676594231121197,31.265477162785096,273.9459954108905,213.75832319317942,145.3277690799336,25.410201584147327,0.8470359022585293,0.2155623319291549,11.343760833710277,10.25510632117988,64.3425165515428,69.14495912524862
EB12,58.0,0.6739436872012539,0.6483738979860258,0.583832668609616,0.5578158094357086,26.627986496854046,21.523615398502873,6.222203113924797,12.08571607858525,16.34346026422866,8.093921664135339,-46.29115257097246,-23.03841036514419,166.65887135719436,161.40306269015,13.615741863610806,11.747722389118213,6.78425795126628,5.85237030570002,5.046915220895077,14.785561988366789,-4.227955363204125,-3.7998716760288844,3.0,3.0324060387512826,32.78159092719241,8.0,193.45007818118572,82.8490068626694,14.97492552861564,5.53142811897265,-7.893624627975226,-11.748028024346002,10.495292854068927,11.852845164780337,715.9376176636248,475.3706912832698,2.0,1.510141309926116,85.33299408275404,132.47863925333397,9.523353106557874,20.7245394321884,434.226824309211,141.81021243654197,63.49146640345809,105.24191777256358,0.7427642227760584,1.0,2.9552168448670733,8.658637631066444,9.683095412995561,119.67720068412247
EB12,59.0,0.281982198196922,0.1935260291948179,0.16745173703334215,0.07478208378903944,47.7658159908991,12.949232166701222,11.48478620638651,11.835531108434061,7.889885688902497,6.524970395002141,-44.008034401288626,-27.61274544199701,154.12336339074835,163.85260259026288,13.77282150220005,12.471295487490327,7.799958032329863,7.200000655170632,8.531098428938884,8.773507728856487,-4.738359791608947,-3.7528246478643283,3.0,3.1215797545700474,16.38394434253546,11.708198867703588,109.81005190871088,94.69656793198773,32.821429783402955,32.34412553994944,-10.25417539297796,-8.472043819462488,13.257151741259381,12.397563797526303,566.5797200008128,234.33906836128477,1.4045736485411549,2.0,197.48751522009664,39.63844729342096,32.92418910834565,16.321403643437016,67.44505780960704,222.68444288372618,21.563423104484553,144.099216564927,0.5194074884858115,0.0,10.997259713998663,29.68783894447838,128.29215073306165,16.921444910468256
EB12,60.0,0.413113945459457,0.34185767772010967,0.3648868625820135,0.2993733824509194,13.101762491375737,20.428536498302446,13.480864430370966,6.9008903554898495,5.136547526429486,11.150789389065912,-26.537419040713353,-39.29245710720709,173.91150907405944,156.82866979197013,13.495485899101372,13.512256449719201,7.084860138281831,5.488022585770774,10.842177089982997,6.192294147536701,-3.3234532586252836,-3.8956166883257235,3.632305080440924,3.692476406190098,16.38255757775768,19.19119585987243,81.91364401246119,93.21070634385573,13.595638815395741,53.847605827559676,-17.745795268329942,-22.786293049551873,5.630603865590722,5.84691299359093,581.5970750518713,825.1334998578071,1.853995413771463,1.773036352447963,119.96847293173103,127.84816220470941,32.12589429033017,35.577637487051746,114.31384022263083,95.15833417606218,84.34323163627225,8.381750771830115,0.2530161136176715,1.0,7.022466929562258,4.794888148030171,138.8485434505771,146.20751313697525
EB12,61.0,0.5864074481162661,0.546549456100395,0.5121707519303512,0.41447718547564794,9.103200246467987,14.783487182033504,7.550860325525725,7.313822109151422,12.347458197319416,12.738904004173618,-21.139001406008937,-26.387351753623477,171.77417033802476,173.30314743987915,12.6430487087345,12.523891954374227,7.356951284314452,6.800093648908158,13.776939934600918,8.25181043389634,-3.0882398480216287,-4.810352419518268,3.021948782182384,3.2260176708310464,22.995966545260178,30.668092117042313,103.48514891946176,109.4694343259651,18.287920214431452,40.41936362802947,-16.924517052332703,-20.09408103423687,6.549122210564091,8.203045425313105,335.11579519230975,862.4069788203132,1.9993061472785496,1.578396592627484,126.46061331085177,82.45739500188768,36.887511657600186,9.801617896005329,176.369361094744,137.37287957434785,93.78978392057553,139.37271305760697,0.28316645487237085,0.37574155224746686,19.895005937575874,7.587511383851478,120.58942163575858,59.3546644302186
EB12,62.0,0.6771196480637378,0.6520227204502146,0.6586136383155656,0.5887588322681143,13.99839996992041,40.68513650624283,9.200230250838857,8.564864957133999,9.619299270924806,14.705108411219378,-44.244591880785485,-30.1498976771182,188.03454328548833,171.32080210780907,12.600000091417622,13.823022130016893,7.19999989947915,3.176978348225953,27.45982651410906,5.009394791682331,-3.8503668785982543,-4.803041182829795,3.002043782233853,4.3264491289550415,11.330243942154835,22.02699186986679,180.68099498292722,142.08893045981796,17.903633461788406,27.02940890204414,-3.59073405309938,-20.930293212125004,8.319631307412648,8.571002623611927,514.8968984756408,287.162551797594,2.0,1.532907774222965,295.2423514298788,180.19125766110673,26.690110833450905,11.656878232518189,138.39836243914286,264.55864023512623,25.70956789528988,58.37145433781042,0.506284954642358,0.37139009635229375,1.5925135715636514,3.487484543126442,97.66679932878607,122.70364902692857
EB12,63.0,0.7345166013222348,0.7173090358050014,0.6499331241876336,0.5873182017076093,42.93456659072053,39.52876062891628,13.872580559700749,3.7738322842129826,7.177450154011261,15.884538409258528,-26.11044810864278,-36.98365272851127,328.5393359847427,456.5960917196277,4.919026309165545,3.6335379669154797,4.680969674475949,5.166461992185877,62.24350765722835,16.94221173806488,-5.0,-5.0,3.4152692881943962,3.0,8.0,8.0,86.62965173224886,173.70479591838156,43.88647727112641,43.565196485023215,-17.801391082968806,-29.571517669128657,10.88870359006197,10.91972911311328,353.4550190802796,609.925388963997,2.0,2.0,96.977965816011,87.1168398290197,25.79557343221187,29.259417908749256,64.88259978492447,344.6830390450359,92.41835560039016,124.16220467385722,0.0,0.8784910151352374,14.14240361319276,0.1656893415187765,51.871056712660575,22.390996063140722
EB12,64.0,0.510671329596846,0.45709131508353373,0.49116503565904523,0.2642612880788922,46.21050879991272,49.45128417986362,7.347861526555089,3.836301758971072,3.767706867779643,1.593155132095383,-35.376615680290456,-36.76718212463372,233.3085426488174,617.7033708236744,9.22336408447837,3.7723632140834544,3.1766351942933757,5.1999825100053,8.892098882347577,5.467317499763009,-5.0,-5.0,3.0,3.5551124326658035,8.0,8.0,80.56782687441898,98.13117730784165,15.534413919142485,22.074162240729418,-29.115015938408447,-25.68299122375452,14.832077267470742,12.992518374276324,584.3559163276068,312.8953899477528,1.8233013944782186,1.0683963934065677,54.5558839384454,21.1177417276445,28.81046922335926,26.034387776704143,413.29871363611426,112.68130013815384,51.8705866634599,11.407105581227883,1.0,1.0,0.016845001634609964,29.340152058939253,32.59798510907306,14.149479207296622
EB12,65.0,0.10769956555430288,0.03781324280675396,0.15666526324109703,-0.44676736351723023,39.136167856870046,28.70106186734079,9.59053486946272,9.450035585492058,9.445066958515964,7.691348813366872,-36.54949393707716,-35.04247555956275,172.72727434287742,156.51661959274782,11.96261086846014,12.798131766256986,8.000003097250685,6.40186823862506,6.06803462154863,7.458750930933247,-3.7062929631584556,-5.0,3.0,3.0,17.318558673595145,10.201995140136258,101.5118204691101,87.74553547940901,36.025662902054194,3.8252733023034287,-23.177403320534797,-8.238762167223104,12.853635773822933,9.766286251683876,604.2481768736108,645.5261862612784,2.0,1.999671965935406,109.89085816783688,4.780535864665237,28.588773673065955,18.2467650140458,57.46076437447551,396.07098375887705,42.14258447136847,74.85543167259506,0.30951253529588235,0.0,4.1350086012087575,11.703014777877613,127.33399884862729,78.53111323231326
EB12,66.0,0.5825012057156113,0.5419578977130735,0.5155305485786188,0.3797256678723517,28.349553967758105,50.0,12.538275828510562,9.572712431427222,3.3427860222882835,6.027744813822454,-39.464024664667114,-35.376615680290456,186.97589055512375,230.3308787833231,12.160105985434154,9.22336408447837,5.800000000114396,4.776201197542941,5.519862019421228,7.722919693760712,-4.9751721430809575,-4.502626226410727,3.6510414249158605,4.267285610707672,9.39638088866709,13.045810650078081,80.7383529990526,80.10229790910681,12.527235573773902,17.91949900635712,-24.12792429378494,-24.29291066600168,14.126212682990422,14.1590553559797,200.34245121820706,584.3661184337062,1.908225177473501,2.0,116.03037303689823,77.32299870128861,6.70281170113246,17.33998921695373,284.993861315016,414.8730382510878,18.7661363742436,55.85967218807001,0.7013610736280934,0.7045866442623121,7.693184184799807,0.5359300263707729,54.70173143851452,30.682423450484933
EB12,67.0,0.7339098537426338,0.7166257337043267,0.6105791426532823,0.5290905460743864,25.05314017285248,29.111383350935178,7.504360519826035,6.557957234619253,0.8213681566328622,2.2822758931516636,-37.772874069020375,-42.921837443054834,211.76236147319676,118.03616629637632,7.09645727890962,12.273405641906429,5.37338794082984,3.3941433191955133,6.3195185133390535,9.544515824482293,9.102127860296743,6.451412038339155,3.0221136504007005,3.1982327097011614,27.74252637965943,21.664393724141984,133.449794487697,90.71601780081544,11.45158731476233,14.5037970141956,-12.093170443609203,-24.45690139930167,10.819235277509996,6.211753965879863,479.0596415187118,405.5842131850189,1.7978452111060643,1.8984116052876672,26.955756304581655,51.171452480159445,11.358541124440624,38.31067414052214,413.6665789603107,80.38288624571521,65.58108395273719,17.030601566074886,0.24754683779704367,0.19660068985271006,24.89004446418317,24.000902676498367,10.28625053693716,22.38904174297185
EB12,68.0,0.6922787697732099,0.6693884362255558,0.6822752673083766,0.6620788077123149,38.209997820985485,40.4795244044007,7.850621945117765,11.979138484797877,10.107602140828938,8.6691803115815,-42.67006858394979,-30.569870664716355,339.6294622828289,578.0984974972565,5.300239938536349,3.091764257172821,3.299757225617704,6.108235741786812,39.70873004921366,41.689134708204854,-4.731110529390258,-1.3660699201507973,3.8818584554458577,3.4809549572801792,8.0,8.0,174.14566297934041,91.65804392979764,20.91299448437573,4.559713505147772,1.9569912592505299,-25.38660210505806,9.681147875645925,9.361139841649246,383.9858384827887,625.190004104734,1.8483910530898742,2.0,149.60474891389316,126.88763950248583,34.37630263799991,14.825898305715892,261.64319429889304,293.6406576311924,148.68275973864738,59.90310338306615,0.06998573853132024,0.735717583547909,23.875729763307238,24.87604286914433,134.5588588932477,113.89639152585507
EB12,69.0,0.6505776563916759,0.6214216145715563,0.5915402597404811,0.45158239079952467,46.36385286511473,13.16352287396133,11.258427715216683,8.198764667045019,10.062308802286273,11.228698463264378,-27.440524262835787,-36.363698026993276,590.4365630974318,171.53171027628758,2.833508357890725,12.75034416296752,6.566467960788039,7.199851466506661,19.609971010329698,6.243156507969863,-3.122744652456764,-3.1912807761411877,3.0608290561242355,4.072854881464796,9.33087590870018,18.316010776713007,120.85016082535611,140.92723041278845,39.85204808494075,58.91837547093782,-22.886787478831327,-26.721659004593562,5.041917003508446,4.340381632301473,525.6510737875534,294.4177940587936,1.8514033536145578,1.832415504187437,139.71002260269015,102.1358740053804,34.047680118510314,9.358435266663616,82.42427049210418,306.59453990552146,104.43895384973338,62.856903957269346,0.0,0.5938026791963208,27.310665124255152,5.484172736879913,116.05295799146123,11.748045088247263
EB12,70.0,0.7604283855555036,0.746345478473138,0.7441020891967824,0.6299184175938872,45.55169219413911,18.755478759917263,4.468163582162344,4.3585539135273885,0.6290657893269787,8.563093098565929,-41.33195368316517,-46.96584104531529,485.21259845378586,163.61777302071886,4.949644743495309,13.33494087804894,4.800307064935417,5.3999610443836135,7.7528116602268,5.9446241384820935,-3.455589434876259,-4.495220067448141,3.474951824135139,3.877066287049549,8.058414301659685,22.77941341477238,155.10562480790693,91.2434715653035,8.241774217472283,14.02491871680267,3.7524669321507784,-18.097124240622936,10.25546613691714,3.13355872634341,440.9465329744542,460.14102706103006,2.0,2.0,177.4597844024435,94.9984229900251,12.349686460837416,5.875725368342068,81.02878589631487,193.55331676736415,56.25367936805324,90.00173340965885,0.12654841528026514,0.9451911862634212,1.1231716125012448,3.1413827391720126,70.06177036535233,5.949807163787904
EB12,71.0,0.755850805414984,0.7412367264462247,0.7136872023926182,0.6489773076263052,18.33050767296531,14.339592039565131,7.482121800579791,4.742486849972912,8.528415458718719,7.081818068376486,-39.15659916399066,-25.265170290265004,191.3493581092006,161.53760618902018,11.382968676815235,12.523393384577936,6.617036728115861,6.076607181243722,6.754941234567992,8.876540009205556,-4.409434855101666,-3.9587498447346166,3.1563783307043733,3.6090488490585932,18.36369672730466,10.013566878907424,86.24003741869288,82.86195328780407,46.36175616646505,33.25083813352903,-11.642180204086497,-29.879142214581464,12.176450148550689,11.513858965676373,496.8211738314217,359.57030469054007,2.0,1.6348523131046917,125.50527646586063,156.35431790472174,12.578209284952122,38.41621460739298,198.5482225128316,201.83765189358877,90.3938243937338,90.90273828040763,0.6660140618034259,0.6606161354403058,1.8629895360678799,4.363332816858222,103.74406721786949,53.44145723545751
EB12,72.0,0.6751702832575213,0.6497835449919579,0.6502545823853225,0.6074808257604659,47.94811649149445,43.00760195563813,8.98337976240883,6.9867252946564555,7.646137111069243,10.835352896853722,-20.048931254312606,-23.150123780851327,589.1851999353793,454.84737734667124,3.561181799005764,4.358421836971532,5.200000627861479,5.441561628323461,20.486574278088135,16.860626165477928,-4.057658203215683,-4.563471673352343,3.0241751653100777,3.0200543155014885,9.134371335092876,8.372390738770724,136.96314510791194,130.4215323218253,40.03193836905709,15.839250996243086,-13.75457993478763,-20.6459297652133,7.446079966858366,3.2757758596675606,638.3545139524389,237.54867082570192,2.0,2.0,84.98344774708582,97.48005697376689,30.01176781940297,11.952640716831294,291.8186177089385,375.03868964618334,20.578123493898545,73.84753840552845,0.9061937421056644,0.6407524166462163,9.324883373068127,2.3126540473398243,7.518751471340757,45.67236311012095
EB12,73.0,0.8190841594156123,0.8109824598977935,0.7409398657704498,0.6970729914568495,22.696696941402532,45.80902070181371,9.893603132970394,13.54695525718872,8.705969369676913,5.40947917726402,-37.564211108253446,-29.11312088193343,198.5222401125586,372.1391962111362,13.657383744001624,7.761213419953543,4.742616253313549,4.400000000867616,5.2975841283544085,7.730014811786061,-3.855385771419121,-4.994110384347653,4.27293707812267,3.3383589789154033,15.839758961217944,13.905227526053634,148.12207269222415,151.14306363020177,2.6089681001480307,45.57852306601047,5.434104766559786,-15.868073461833504,3.551224149919403,4.369555014975954,554.7470056824171,404.846474767833,2.0,1.789293149330649,164.68876327820746,234.78872944161,25.26446544541679,7.576334724365854,220.5501061706037,129.29574904321265,36.67404639441772,11.711056583180854,0.6640519178672036,0.6719449499194674,0.4740103169584981,6.9209776661292395,9.034692991978494,120.30698739230085
EB12,75.0,0.6725411896184369,0.6467614454392773,0.4842575128143405,0.4519424812485834,46.382357530018986,29.132065167033055,6.927290263855117,4.56021790116899,1.03298969219037,1.4480981640163881,-24.45036617415661,-43.83627336220509,236.5486645600471,283.0730117661256,11.805956470089784,8.621671966077946,7.2000339328141445,9.400002595139641,5.712229943308209,5.7334578443742386,-4.999815260532076,-4.462999175549557,3.8437557772634148,3.4502465705147194,8.405267079991749,18.886257783008496,84.8701199400342,96.91586516568664,21.209139965872545,12.146449524802474,-22.21557351160624,-18.885840679632057,11.632093721148376,8.143911509802255,516.4896570277423,815.6995141575469,1.999510469222041,2.0,122.61978224348915,68.28412587008457,22.001134411691858,9.653743576066216,87.14914725361228,189.72805461526087,102.6946872275733,61.54911142679719,0.0,1.0,3.3277735162919555,8.142275260017964,103.56336014446714,10.046725821339729
EB12,76.0,0.7910032534976581,0.780232041565457,0.5998328711911534,0.5437967484011099,36.819953415824074,35.64388692346073,4.457147412884604,5.233301556456765,2.936130078197445,0.8179296123014891,-31.027674116433708,-33.87557659571832,270.94769124791884,577.2655777212884,11.027828688014095,4.88818630781638,8.172171302437532,11.200000000308222,5.340548294247817,5.2510434774546,-4.623390068192128,-4.844354354264332,3.0101607457504653,3.0381050261261633,25.002643261316692,22.42869162601644,87.38195362597003,90.27209027291595,28.328193679991877,7.662762743162428,-22.358674065170106,-24.863814163962836,12.142938268720068,10.502305025772142,551.47277314365,205.17312942731326,1.8162800984662926,1.6956069397115083,54.44603079879311,49.446652619259815,5.915534340144747,30.42043491919709,381.1669038597862,272.2276535596171,95.827484376068,80.82319514557851,0.1481370536785835,0.4386831395441201,11.913012582802507,6.358040462298299,9.820773377116057,48.32632322687427
EB12,77.0,0.8192081410486661,0.8111174201741256,0.7093127054625854,0.6579721967737875,43.51875226441147,34.95043017791791,4.2423668194831485,14.875433668343,11.272156553468015,1.932756747418212,-48.81580463738683,-34.961285662491534,341.9703309370734,232.81485184698275,9.137865061346503,12.552570577350616,7.400005542565081,6.047429436110736,5.0,5.239763154519034,-4.981349064320073,-2.8604251522553885,3.134926665061254,3.0391270408923834,24.7520879853339,20.44930662401261,163.6678737170143,91.37095804518951,48.242913766256905,32.35987480641611,-29.467330772408157,-18.965988812692654,5.905262929107198,6.322174787006966,682.8258607849579,411.59372252870077,2.0,1.6528490746398832,113.51294424501593,104.88289514579724,17.04961453729684,15.14880888279458,184.90808420328287,148.11908941411272,103.24433773901218,115.24065702199547,0.6058490937795123,1.0,6.758370885000772,11.051307354039958,50.97357191388766,71.11624431006541
EB12,78.0,0.5534605567172874,0.5077300654050984,0.50275792657937,0.4710027799054452,17.124821591491862,49.12846429751182,12.144104637118703,9.641598262538666,5.81318335380912,7.132438439067703,-35.376615680290456,-45.23084658584449,239.59890075955155,214.11821079263302,9.22336408447837,11.019403797683845,8.599989296042008,5.5999999680684995,5.143890246176863,6.614193078136685,-4.596651475523808,-3.6362349088342865,4.131823117423998,3.0057269097893715,16.557875055390134,29.717825787517267,80.00713843850153,115.24870937317249,19.64708547655578,56.52074545755356,-20.200663776571133,-19.460455033382953,13.640204201927315,10.100762840409628,584.3575873906462,622.3477713841729,1.5823179188445617,1.6386871831812215,90.72239462104658,111.41280601319649,16.364930673233445,5.55513774926917,415.7519186421891,325.5385447117012,59.583506089609784,120.76143675375091,0.5635212431065777,0.38280898469194635,0.42470666926241324,0.9597674405003817,29.197969079300016,132.808306540557
EB12,79.0,0.5064455726443111,0.4520835018020741,0.4855841370211585,0.05647019917260976,12.877822444949262,49.29950762887681,10.882109371888635,11.721135094967828,7.471615270814078,4.5436379804257605,-46.06599471547996,-24.467516915081795,171.23112986735805,263.41964467310993,12.851429892878038,7.630244337157498,7.341612230497137,3.3697687881047003,6.455090330680129,14.056331357623874,-2.766121691728694,-4.923559669559994,3.2720753400866336,3.030271716766077,14.175486924477578,11.88641142190304,131.36060955550514,104.9445874422667,28.58984796015559,2.3052328901993313,-6.924077538928115,-19.56304361457547,3.4204183973521847,7.5833683865360495,492.45324597425383,200.34601279081738,1.9061451963633904,1.9025023820069835,116.0174722411921,155.67248859922242,23.110028114612625,23.574225166406595,197.93382030458025,111.25745199668694,44.24469944527704,47.605952983251754,0.38912751535985013,0.6466625581663062,13.604874312499833,5.111567683180252,96.21752680574525,109.5907559155516
EB12,80.0,0.3385236920009343,0.25585034296884135,0.3813715162585961,0.06734978902892103,45.8745167269915,42.12770001126413,4.809427381862571,3.388258139429968,14.63870558950587,15.010722858365066,-22.94337457954558,-28.737128968386916,201.8516606154928,182.44080066095322,11.255697181044232,12.120256305587207,6.744304302283719,6.4797440178405035,7.098806543547238,8.097374826056393,-4.809757666142818,-3.8389460019153545,3.0401347746796055,3.1588207336803493,8.544916396282419,27.223122462948922,83.7876238108912,130.34399183076349,36.87946470430072,43.26197227989829,-23.717093837425892,-29.973689789656223,12.354650455294964,10.604131735589112,549.4158914421362,327.5012951517352,2.0,1.8060865392326175,69.3781474228435,104.10433820587546,6.6888651122181795,19.29215820309566,246.37742677153807,192.5788235072688,43.49823129180031,63.076915606033076,0.973231051922075,0.7022130876443219,13.841138850688818,3.7010905158822744,113.58747911547837,147.21991673259535
EB12,81.0,0.25067229499682564,0.1606887997423401,0.20534726835043537,0.14161917308378003,47.375413431384196,32.96794368517834,5.6240715070780904,7.310640054546768,1.3342782090058716,2.504030563589182,-33.045016919949205,-35.376615680290456,192.99721062767628,233.3214278449183,12.84138193492625,9.22336408447837,8.520360567806293,10.376632530297156,6.139881478624005,5.0,-4.899742781873692,-5.0,3.097497565385309,3.408189246730038,19.606001313373195,18.058012975133117,80.18637455540943,80.0,10.80567819036995,16.30970287109342,-18.15322525790327,-25.281583429414948,5.29754478927371,14.312341361868329,508.0651978152622,584.3563682982319,1.4076782785756408,2.0,61.0631769048925,61.406996015292144,16.620702477879103,28.464889050322693,193.8347773190544,413.5775590890398,94.19140227831666,54.58858215530247,0.4607903437687315,0.35518842759640457,28.535489277002583,4.1296291473689,13.925472524404917,31.70581966046656
EB12,82.0,0.5214944397406237,0.4699142517744011,0.534756879596036,0.47690693486354313,42.425912448756094,30.68827358751213,13.379025843217546,4.607663190678877,3.4054580865418256,7.8415858397895075,-24.186379483374104,-41.18716504788383,270.32407391449107,235.481558086243,10.53065923867729,11.748076473795841,7.869387978614639,7.4000022037593585,6.482078635752263,7.108914423356846,-4.812915786279547,-4.708389718608698,3.19981933619206,4.057886979111664,24.83001577294051,12.39924786180898,156.8587654350894,100.27355509244984,9.90419092638892,57.707826182755774,-10.173432519082423,-27.289514545615575,7.513693239430847,13.74481837219875,585.9495530019869,657.3771991977093,1.971016218404559,1.796958901697,118.89543164052633,130.2376194337174,8.409951981529016,10.523426288422138,124.68422406742992,298.6645061446914,84.7313959220409,119.92890795774956,0.4955879576201081,0.2558090419956162,23.00145017760588,12.740619038354486,65.41939732314826,143.33486160578502
EB12,83.0,0.46921338866772777,0.4079726302527271,0.4774017030078159,0.35189606995627104,36.09086206371924,31.439303401095767,12.52245330941403,10.18832729197572,2.8824856687613307,6.193554053608188,-42.614186855275506,-36.94997557767933,185.29144770755107,167.58981763243207,12.953978723522502,13.979550879096216,6.9999991881592285,5.199999311333081,9.671055670768002,9.256640941200017,-4.78801960802995,-3.7182970394784878,3.3772892681024054,3.3690356266517045,10.649765159684781,18.97278505869101,95.94359158982122,98.37929749484877,19.063704559961835,15.223371255772008,-22.35621009129955,-22.501929504215585,12.939529942771758,4.85576727646123,219.38270344595858,884.1617945386495,1.99391436448431,2.0,231.94951928457692,121.55417238949107,19.50454305451552,7.26485351611548,224.64402618220643,70.8937636000804,18.78548661589771,84.34118746800851,0.34115546853415785,0.29919714844483475,4.857156231384508,4.502037443425696,43.59705763572191,91.37185767138507
EB12,84.0,0.6025532129669543,0.5654912456207288,0.5379252099667038,0.421266407680776,19.143248432901245,33.66043630601541,13.31170136939698,8.204788663182107,3.7432472814473985,8.791418130466852,-20.379394365367567,-25.549817015409975,161.4441451368086,199.46936553828942,13.722796543748286,13.005144877091201,5.077208116958058,5.600016287763807,10.952532278098117,9.72123143677571,-2.671260215176466,-4.220742796792424,3.3093959308530465,3.3814412080756173,15.138622680757164,25.049423569646176,109.90859437039167,96.50322756201652,15.73235857930936,12.021378065917663,-3.541083586098896,-19.475148757141973,9.665513214824596,11.387105567321223,303.97699854217274,456.5678080531592,2.0,1.8405036607154046,153.77206797299425,108.37510018507031,36.1924492995724,8.557349557022773,96.79241050471026,167.84546672624148,65.33488735349178,127.53579987665124,0.6123739814307367,0.6118031622993126,2.3822758036617904,10.563189239460975,24.703943670087334,94.52833142790385
EB12,85.0,0.584029685430936,0.5437549248771566,0.5136367711672736,0.4537839639353838,40.44214702593881,50.0,4.054250271999673,12.209692922690337,13.04361936295672,4.430637819256399,-37.31578781083998,-35.376615680290456,198.65131074813107,244.22244952649953,12.430601685650835,9.22336408447837,4.569398314470466,3.200000026369478,5.074752598521093,7.744807472958933,-4.678030391651617,-4.8160424972442,3.727890489755888,3.0030619068769053,16.772531241178843,18.144723479530548,88.70653577601269,80.02664724347457,9.37275917337994,17.674701857224743,-25.937969989034087,-20.986111640727913,8.64129342899503,11.603122935835646,593.887050917554,584.3479896510732,1.5333909312567076,1.628474967374859,145.71264307142175,102.79093552399652,31.24567629020794,9.510087963492381,367.650903798388,416.0855725191125,40.25891846321176,63.842332559249215,0.1256612801792502,0.09192584835343641,11.460973219341453,0.20000002517402227,69.63099690631185,27.518837595658276
EB12,86.0,0.4177764585764894,0.34732208374833123,0.292526877441801,0.12203120890667146,16.76454027061684,22.757433586192857,13.459950797339483,7.126728885452691,5.177067167749946,12.184266575484564,-32.927754136696976,-46.15371159615978,148.29893636213865,152.30762266843684,13.011709974507706,13.870492980965526,6.599999900528458,7.129484617333868,9.230703890574903,12.86470399225352,-4.335169734731527,-5.0,3.2736188965129207,3.6509127007216247,10.161814485899518,35.0,102.44806416252112,120.23121885032275,34.29959810009574,29.599164653121438,-16.531395664364172,-26.231722167658,6.7448504893697425,12.725391081452335,484.0885445905099,492.5636175091835,1.7912635506119001,1.8493953573299424,38.89254325019472,9.627598253177684,8.355556210919447,12.23447471104109,289.6185194446073,152.8160027246883,111.00671953171708,26.535196828902,0.13658916323655707,1.0,27.410992699607384,24.39325373645867,32.64867505355534,42.27134751681134
EB12,87.0,0.24799252923014223,0.15794766720583178,0.2659448588710347,0.21756948513200597,10.399879551227231,13.412454396793486,5.1040488233352495,11.967173568204245,15.731595039998746,6.573935465883237,-46.34274184199255,-24.688962207870986,175.17901159777668,160.63333171950927,11.213040361978141,12.797611324924908,7.999997126051139,7.79999995646312,15.31567604940174,7.621183928549779,-3.356459067368251,-3.5417945811469753,3.3095566862424977,3.0,28.58512281910382,32.81489918611907,165.70770314555918,91.57756802084117,44.960095267808214,46.09596776996772,-12.307828113371631,-14.195781622385917,5.144766835317182,11.753604221027722,436.08082271661203,298.7992634988236,1.8043017728976845,0.5954764163709179,6.301131114779051,59.58946876952382,13.322563975545085,24.71589725644955,483.4041100347871,403.68691595971865,104.15398219894675,14.805716796146053,0.7059107636123589,0.6482262705157796,17.168453639588517,20.630306961156723,107.76209900068017,118.5467531113302
EB12,88.0,0.7681484048609417,0.7549406839835866,0.726612120763837,0.6178393621574618,38.82954287100506,40.26582868561829,10.951983923602134,4.175921171931557,10.486364907605848,14.545981657144642,-41.65588256640426,-28.37705457376685,345.12820665554074,299.5230249238463,5.265988332877522,6.663964862805245,3.53401151564463,3.600000000803897,18.069514459614023,48.01999954166007,-1.7377762490860769,-3.274119001713424,3.0,3.812351953155356,8.229237616536361,9.144402572495666,156.12987214193555,134.01861059302206,56.1663266767565,46.18328153981431,-6.813080637485933,-7.087940010473305,7.381083060752538,5.885790008473596,631.1235033304705,374.7515512849115,1.9999829289842899,2.0,74.47027129028115,167.74307375282882,21.00373878085265,36.899422282421625,331.25140865601566,175.66645228345257,92.52700588947923,133.4683510622262,0.8341878721992798,0.7827153824773708,24.352894911957137,2.8223382519053604,9.342492818790355,134.29760367312952
EB13,90.0,0.5346533411213589,0.4854941297869873,0.28644265234087873,0.1862669526182033,13.693243034034396,12.4595250111323,11.25381184860878,12.053315674956774,7.9247615885466685,7.874967692707337,-34.1052826033603,-23.16348964646959,156.87099687551208,168.74571040188226,13.433781961967949,13.4978655846901,7.1662172160902395,7.000000152828811,9.829465075424464,7.5193239384682995,-3.36207322318016,-2.3007208434836106,4.727683033838614,3.905149820619122,24.634218548747995,15.057541557027141,92.91944152090295,82.53084845678823,14.623197635865072,26.54518966304221,2.538078498341186,-4.35420813208964,7.844877252353045,10.322689038466361,527.3830756738846,550.8439156070538,1.994258863606636,2.0,38.59224611912423,108.74932186850839,18.19732009910855,38.25314930492984,163.0799984469496,318.1129887440015,63.42607088714034,116.97667526919535,1.0,0.16719637244349517,26.829291220028708,14.286902154831967,92.28876526502302,75.79515705389814
EB13,92.0,0.4651257697594343,0.40313544144498825,0.40180933280801,0.33663219956576124,13.275986635866774,12.496890022821608,13.12615025288132,12.345729087525886,4.987939401028695,5.898224272041789,-25.496779062449647,-21.943314405572746,177.7332085888736,157.00787388464573,12.870948771970014,13.512527800770037,7.198735619034452,6.487472347075768,28.422427564140886,8.141547398332573,-4.137958694240429,-4.991805675829886,3.023722120655677,3.3105463817927028,17.20914736336754,19.889467629166244,122.91612848672528,158.43133132843786,20.56812075009033,26.10895737815435,-18.179964436366717,-24.714589476334037,10.842675386319955,13.686970507246551,835.9695765603976,357.1150889792443,1.7509325929538462,1.137728662408031,109.54724439725433,81.63617040643862,21.090748877462442,24.667040811285403,151.84256342913616,293.7347487218533,106.72552094067865,63.550842242154765,0.4781087393563978,0.8650399513958286,11.913227028973505,23.738788934302768,135.92727606850002,136.00507519641727
EB13,93.0,0.7615044391235987,0.7475450775882125,0.6834346061785439,0.6456799839142859,41.07027237017878,49.000217396621785,12.182889800782972,13.59763047157683,6.405121991664967,4.160344772308829,-37.69173491985251,-37.94022778595741,334.556131157264,325.11190747267665,5.6940561748275975,5.063698245166718,3.400000222529431,4.136299070323435,26.334011348870543,28.771238986724835,-4.215879306292332,-4.011986325149402,3.0,3.0,10.893823792600239,8.0,100.55537809397661,91.33168398480696,9.673670778224269,7.595762289614963,-19.36027342215346,-19.687446517021385,13.59601479348035,13.381263635302949,558.4672799515762,548.1335170559404,2.0,0.8963805813672007,152.15398883516443,115.85268501353377,38.433315736094855,23.322050709951196,231.54897730599035,115.9993680592022,51.347344438242416,146.39988900792702,0.697660304831253,0.0,28.182440406231255,7.140809611858912,136.18434610470132,65.96976688481902
EB13,94.0,0.45705468245151243,0.39359050656905,0.4143436919236993,0.35415467744158596,17.42390311260924,10.917957263081988,8.92579109209038,4.613106795654719,7.184785346770922,5.070158523553957,-38.64257895376469,-25.891059987316616,164.68580501811493,162.20293182331102,13.217542577667912,12.966605276559083,6.982457410088291,7.599999996920718,7.539935882786939,5.154051734335076,-4.462829138722234,-4.562797000608065,3.00651367678167,3.195425906272155,12.647811097349795,8.061770350842744,109.9873576611419,84.37267419631475,17.444786559880743,31.338652675068417,-17.320176462535713,-28.34219335217398,3.036688104564268,12.1226819489063,364.60919615667495,583.0793766095716,2.0,1.9356478992278403,154.10565365969416,192.72272749456496,35.3643959786492,33.16035344409492,133.45443019554486,414.87601930697815,13.326779768396316,26.595067833898177,0.6557980585530495,0.4234461424074946,3.5422967459172394,16.63140454090186,78.64974298069326,91.29321815740273
EB13,95.0,0.6233017872618556,0.5897367635809793,0.4285704433133194,0.3858770249803644,6.719825554629689,13.427599959892992,8.681852140262771,9.034616621472445,8.271580663523434,10.025129520184914,-43.20836962111613,-46.52895788606322,168.32726620585413,162.7619469968463,10.82405280058835,13.042379048139992,7.598593455121275,6.669040542397477,23.973204484759247,5.5093247854763945,-5.0,-3.636767444823369,3.441790094399237,3.4808144781745893,8.410751802429857,13.561566999965416,137.2360708898726,154.04568953542713,53.15630644024184,4.950503214353418,-22.756110108821908,8.448520571982172,11.971284691514702,10.356338488276235,417.8894276699078,757.2044366884263,2.0,1.2249844935150418,15.469296302168871,68.20112032990896,16.187618145691644,34.62369067144772,237.11767209749243,192.74256759169614,147.07432256650387,40.365780772346355,1.0,0.9714056322645395,19.351740111431365,12.774108857197657,149.6510454330704,92.2934087649584
EB13,97.0,0.5120035756946975,0.45867000789866236,0.44581332663964507,0.290700303543712,21.23287525462725,49.50691325843158,13.393798184774395,9.708734087438037,3.0654952310177648,7.315800876507072,-36.17953923376458,-42.471132127640914,158.6194118855652,209.49372412389422,13.684423449903484,12.783162874729435,6.200000194571125,6.016838498733825,7.798617653678461,6.603073923109141,-4.309771808198852,-3.4141042199061356,3.3086698579356306,3.1675201107674704,29.25260806181928,14.105451792762215,91.06008092417848,89.15237504755642,58.26030077632223,32.41724589435737,-29.669189505873646,-25.853525672311136,7.556524262467317,14.139649843609325,477.85187234193415,239.42583161756974,1.5179906142244983,2.0,91.95215618032525,97.42626170178308,18.104298161706566,24.261986395917045,195.1855547319712,374.74790545221936,38.753952436608635,49.14945943448557,0.7034256651360895,0.8107458298583904,5.771851070229323,8.46406815515023,28.103929817294578,123.0207118896971
EB13,98.0,0.3920935778980392,0.3173237584409702,0.4178072046358997,0.10855825605222752,16.92461999147352,38.94929403443391,5.212939866677164,12.603227318381657,11.073541381544546,6.235050036896677,-32.653696622716076,-37.921137787632325,161.43752597143964,143.07417843046395,13.271210184196008,13.77874967098883,7.128789640037813,5.221317993605619,5.0,5.0,-2.948009619182171,-5.0,5.142084887050961,3.0,9.73719676793428,8.999435892472942,88.98662397557788,107.56698883575325,10.068354024920641,26.12145663400799,-24.3034601481091,-20.50358184912034,14.755569182180341,5.867033187768382,771.9860336648338,594.1306195002218,2.0,1.9226371847552974,15.642792523147603,81.68755709795605,13.654462872998034,6.194600313026752,295.3996354623611,328.54253403400367,5.273650582875243,7.155564092736996,1.0,1.0,6.021084558412194,1.9617199641606466,17.398594673122897,115.87423466976809
EB18,102.0,0.3633756367902393,0.28414534462219504,0.2500153641236817,0.24075029291285827,42.46940623799386,42.310215074334344,14.975446682951096,4.725570396959636,1.1480809205990925,11.806894094440587,-35.27622980766479,-44.392733353741,157.387759697871,165.79593038550752,13.229930053354078,12.682488840429816,6.8000000033552,7.517512692791578,6.56280745664026,5.06810992193895,-4.305378108936321,-3.8443533824699454,3.196097155625211,3.0,12.063669867719385,20.105906480917014,184.0379453418851,189.4437892335554,26.384559558036585,23.18043409730851,-18.06473808660124,-28.281631665798905,9.964254416814113,14.62863400137202,520.6897735499456,459.88655700181994,1.8240565571106635,1.700368743840868,65.54561390143671,67.29804788828949,36.28072583748831,29.121624420979497,302.92645855958665,268.23904478620534,120.17220007848633,125.75400391069516,0.34087707506467996,0.9540639412992703,14.060696867243186,3.0618643097479734,85.62103383007666,101.69427069261181
EB18,103.0,0.7561479848738093,0.7415686645705388,0.6557444054119466,0.641260298329551,47.09072137874584,47.32769262824013,12.615785304358997,3.978546454428841,3.67381676555681,2.4896097578609186,-32.33558029764647,-48.5655474617654,244.7146865366598,582.3211070733411,11.52717764217291,5.0982440807621225,4.600000004457072,6.549853131931524,5.127496504567665,6.197606947836874,-4.9554729459572355,-4.10310540038707,3.0261836682965746,3.2975354946193587,9.76468043423779,23.53603973290722,109.37473124487676,89.76735504704948,40.15212014459258,57.73966679844359,-22.692991997823153,-24.606328474183062,4.40297557705038,4.822293371482863,637.5425645551343,772.156387241132,2.0,1.77431788531099,94.24293390414469,75.02772498102283,30.462159361374542,11.042124350010214,50.62018498451102,188.80912670816954,90.74064537032073,149.95389944652396,0.21541899337231712,0.9789092539457628,9.500504588901823,1.443747560196659,15.893193207151928,9.80288218277768
EB18,104.0,0.705267240430837,0.6841991276657168,0.6388926145431474,0.5956110560468908,33.93654621350386,40.05587856875716,5.7504584372584295,13.1585305984514,10.828596418545834,4.987766138751188,-33.53242924089067,-34.393087998031035,198.61589246012042,336.781913484463,10.1982864127086,7.661866918484698,3.7999999924955143,4.800042659469929,24.189215455819788,13.967554707223519,-1.299490483155311,-4.540762132527783,3.0,3.0287227311394944,8.0,10.114828250163264,89.30528539428906,102.32820372367418,8.612547073144155,43.67210675247198,-12.908112755588649,-17.86372322305419,3.336146351204307,12.08502166041713,789.5033821411001,365.3813569986917,2.0,1.1191587290025042,198.76805566308778,162.6494394568637,30.94193191332469,16.829255518031374,118.5500023450504,205.8212973304276,52.13002981396492,64.94948991611031,0.8854054541055058,0.38579872171115276,4.5805203073665375,0.26738099727305725,142.31549007815494,64.43993181337983
EB18,105.0,0.639773703920475,0.6088985326298905,0.6507520285844428,0.6209139051401678,12.63956777736563,12.576336510758193,13.851655781625082,13.727468745308135,8.076930282058324,8.066505362662454,-35.376615680290456,-35.376615680290456,240.8038745963289,240.64211470339333,9.22336408447837,9.22336408447837,7.6000028043989065,7.776706544640952,9.479944723524882,10.494963548391326,-3.7728332843899803,-3.606055056071301,4.65800284007999,4.942748743728471,16.37188535295511,16.363102261722762,80.3122212988116,80.45450340014467,19.985226161352493,20.05143443565871,-19.384981452902135,-19.22540288638037,13.54086739520597,13.530233656269717,584.3577048033708,584.3577193604348,1.8008466232758173,1.685069964580322,93.88115539285188,94.27792873696792,14.590575377973865,14.641331413904002,415.96748099737977,416.0101718814317,60.13357503766217,60.19350403553615,0.6421623222637127,0.6191287201754117,0.0,0.0,28.82619877639719,28.828441673458197
EB18,109.0,0.5604311438858608,0.5159591223136252,0.5792160568262538,0.5744847008786745,20.558596704327062,38.80900938193151,8.842665176092465,5.9973016975483855,7.595421056951135,10.450777609463907,-45.60952281338795,-31.092924191622267,218.6076304006317,225.64046476437977,10.564329924364463,11.242479874376944,7.635697585827169,6.7575202208298,5.163134437065278,14.781858497786471,-0.3732445278141027,-3.436192451388901,3.5860322783774,3.1769046540854693,26.392871649525024,8.041890000891572,87.4724555602873,113.01959362797334,13.766338491454198,11.103429528993479,-17.996329232804953,-19.72341500685865,12.644148726933238,3.6956436622606113,241.3122089049301,471.55172013887403,1.9222917555000492,1.8167870266309496,86.83745253273997,101.487656251086,6.7365772895510965,15.197105895140336,384.36391789857396,251.6148212359178,18.384157353864147,77.86474340947757,0.9774616228557091,1.0,6.253335151606411,15.191693428947158,65.5320670521785,88.64934655917929
EB18,110.0,0.6576780637611253,0.6296313207198454,0.6517565958158804,0.616851199327586,48.100095214801875,47.71852911236629,5.838591382484757,5.70219615338098,8.842739953815302,11.932263738370214,-42.27422241955192,-36.26756028418866,682.1309707281879,465.02234882370976,2.54072461315139,3.8991813359580743,3.399997782371427,3.2000079850859358,12.058887052110828,5.690193760793158,-5.0,-3.6356184839782766,3.0,3.003218257282386,8.0,8.0,112.66211144308949,191.7074161583575,5.983207774843587,3.645192109056866,-28.628041506765047,-25.477172838712665,3.027386091947395,6.551362863801397,473.0382343612183,361.5501123955799,1.234275910402536,1.289155304723106,277.84480005253084,99.16828843539797,13.779907285830959,10.424331270366324,233.22892263538972,193.05766192905796,16.06760960641858,129.76407920553712,0.40774560984369534,0.698478583899214,1.8422639091393143,3.031699301184752,136.9285694272132,38.01922550383868
EB18,111.0,0.6798297714826571,0.6551334924414338,0.7261214392742263,0.6922661832947913,41.39130265194057,41.667257725426104,7.77363597271329,9.71360924926104,11.256914863751351,10.77686141754082,-24.1633413826847,-33.99593756014427,470.57099902162764,426.89567070583104,4.000631815770015,4.241748912619459,5.199368179576592,4.4000000000718265,39.83867512670829,27.045020896937107,-4.36706270150178,-4.59176068981876,3.0015192319227597,3.002983774242081,8.0,8.979189694679675,117.35358336685483,180.48370220683606,55.23567417712107,20.847151480043507,-14.903695448267916,-29.02403980409588,10.088206119165715,14.24109106813897,490.6537146859815,287.73217734428226,0.9033475675747926,1.3239990692481698,251.6588728910401,96.33745742375433,5.0,23.34956819648933,220.37890316778538,245.26787268970915,9.87923045719526,122.30538755081365,0.3842244833525607,0.8043368249445786,8.612793582621878,19.294140638917213,127.88339798371597,36.245417210013535
EB18,112.0,0.72606688723575,0.7077795508474738,0.6495208748321167,0.6187795167127932,18.24484177234613,46.99996763244334,11.599028510914446,10.447259549242958,10.357485189682729,11.358111305918664,-38.33808705022189,-20.1801378431583,178.85276375691475,584.5222063704813,13.570576569082704,4.788852838697014,4.399997641054784,5.5999999280171675,5.0,30.960741263096423,-5.0,-2.7677151023329967,7.446133816768324,3.628230254652248,18.12779261028723,9.557585219004379,134.41593890363296,112.74267798064135,28.38735526288846,10.42056365681134,-14.471643063415556,-6.285303957448582,4.105204901418275,7.047866738396586,556.5028519738408,566.2205275023388,2.0,1.4278205907476302,141.59026030567836,140.1716779661214,6.996318805163354,5.33415641291938,241.9367977323502,323.9519558088551,16.543701708122708,65.22149768578285,0.5421925622014726,0.48581814081578983,9.223088186147898,5.868138507932366,6.520545225925969,70.53096215206794
EB18,113.0,0.7734968510448916,0.7608801388895922,0.6830181298509069,0.6528287249314941,49.88422424533341,50.0,11.955314979336311,9.947476480303608,5.195774148060153,7.515958038902178,-33.0822834526501,-25.340613585284462,194.77279111020468,240.6261214030299,12.899860388616874,9.416064625536539,3.8000029713074372,3.9839353702470612,5.0,5.0,-5.0,-5.0,3.0,3.9781463449414542,32.30906253977308,9.117612561419534,80.6315881828539,134.7075261859263,3.070828410606887,6.074755057013984,-10.513896162935104,1.1697398244720456,5.516307406231526,12.47697455853498,703.4513432918958,804.0594145572768,0.8327819977188642,2.0,110.94329918724166,120.5532513079486,9.868134507055254,5.0,273.02054521196743,229.92535358171537,80.00391801808705,62.12494305456244,0.6899195046853389,0.8108300919740823,2.8657796576875687,1.2337466413328546,87.00494536961871,86.4559408158358
EB18,114.0,0.6414331240490837,0.6108243925473907,0.5599656203178279,0.4984365606770296,11.472433335585231,42.166077911002425,12.72097779894411,6.510292403564714,7.394531638513786,11.872950661633556,-43.66366832268555,-26.70629632867198,173.24692378439192,393.1532794430827,13.394240861144908,5.11311894008817,6.2057591388759255,5.486881060195643,7.900085646663239,6.053085311884609,-3.5093542330313756,-3.676394311628791,3.006399201482726,3.621475288274682,16.378926365907695,11.683098980556156,107.0400319214833,90.42433014959356,52.27054449193914,36.556637408743796,-18.68660776468324,-29.5936008958685,13.036396080768036,13.643323236742983,886.1433610288293,636.1269096656359,1.9995079696165827,1.632532277072477,125.43080362623445,77.25211885424036,32.630719700365425,5.0023771413222295,384.0506617730087,159.5891856111919,118.45657956218082,8.542998193466092,0.00024583531983834235,0.9837876523991856,1.8686081193732489,3.630002384320392,37.450176756096376,15.76800751117413
EB18,118.0,0.7607455741230298,0.7466991368430144,0.6850249520569527,0.6397717485856766,50.0,48.319271444408734,3.0,14.935396717947274,0.0,1.073850061347483,-25.088107693727757,-21.787751346493224,382.7255539105098,348.3816222885803,6.548201817368264,6.740536447159723,3.2517981946244356,4.000000014575317,5.0,6.365423804192269,-5.0,-4.967253970349846,5.541041640991836,4.416069146984926,9.586529840399175,8.338900301861914,118.64944975028635,85.79126132361456,35.23976987909009,27.734323997705175,-30.0,-24.940754634550345,11.64928180255329,8.34420871600562,250.63256270721456,875.6010717290965,2.0,2.0,261.569541285103,157.24938498844332,5.0,7.891061252211927,284.02551431471284,117.96193013485517,25.61380286120767,71.41260727262843,0.42313395553720234,0.625615314333904,0.2965844149131302,3.034650400207027,84.11304739717761,145.04081828951874
EB18,119.0,0.826817001341582,0.8193862997813555,0.7625892536621321,0.6633639289001488,39.59596911811952,42.70162335829214,14.540874004125683,4.594772887037107,2.7503859596595888,2.157010507816047,-32.7003847241225,-48.797877780514064,231.60736613405567,422.78893143476955,13.047883408684767,7.850408076179974,4.552047243471456,6.6000220386291,5.241808745120344,5.0,-5.0,-5.0,3.0,5.359863360178165,9.154300840309753,21.462747783474175,111.17201218257044,106.76765817453455,49.702725798632926,17.889468272957398,-25.3772564908349,-16.777401507510962,9.429597979397727,7.967161072439293,723.2817983071106,544.0060765093035,2.0,2.0,121.6328032916443,163.8966783997026,10.50338502304535,13.110852217314774,182.8283032431115,214.56518566518358,57.429495994996785,82.69706605795075,0.9961092993662903,0.6204609451294606,4.975519556761682,5.499065696956837,125.02931185353076,102.063906583292
EB18,120.0,0.8152384766430185,0.8067926850525611,0.7548314845494032,0.7654839043853554,49.08747130018824,24.35354956258371,3.730921037215052,7.022497678233754,1.4618187453582503,3.6503959798918615,-38.564569859235796,-28.410370374684305,727.2069444421569,343.403193257147,5.18443043625345,8.921600864582354,7.599999991467119,7.686307378084252,5.0,5.7778444164877385,-3.592225780348922,-4.981886202613879,3.2632159933029516,3.176239295431941,14.763729649754342,18.200730368278865,106.75157990220428,89.86012240251159,16.160456007693536,39.94775618060062,-10.751297065289373,-28.668487141648786,7.151688131456338,9.473201152960177,743.3623298332456,632.2564550956974,2.0,1.7715268180426293,170.2986759567998,104.47696174817419,35.50376578155904,15.79622272788109,134.0574307219934,173.70747946110723,47.48433379431659,125.56719824908879,0.6070564912536208,0.9220726797204337,4.448227944065306,6.846678912886924,18.251070379782114,81.39900744280577
EB18,121.0,0.8029962294295161,0.7934094453512612,0.7618098141688423,0.7304013660949673,37.97546295255987,38.62265524881037,13.469809739937782,12.105230634465345,3.477149862164434,5.244082422090719,-41.330206138962964,-24.488905060490914,567.6548585971346,738.5879610453065,3.6524232748998067,2.9485820137632484,4.74757336598912,3.4514162164514532,25.418388298106976,33.5442760912044,-3.387764268231225,-3.80322995323887,3.0,3.3361570471074233,9.710419198676137,8.414978931324866,112.53052063977655,118.02949358053473,19.947525286386902,52.42354188888331,-21.623531441470533,-28.973412816775003,5.879624499220138,5.1068139023648875,862.794009641483,439.81780261009243,2.0,1.9726289270918078,99.25653069809269,125.40059392986524,16.583078809654204,37.5754892576191,432.6400013809146,214.19560061486797,14.24451064422754,126.85606076800377,0.9729961882097927,1.0,21.946228747440877,5.622422280034934,40.52078756906595,47.83355561731992
EB18,145.0,0.31077399302710434,0.22485041589324034,0.28731942503209007,0.132916286500825,48.81108533702529,23.57282732170583,12.82575931677684,6.855160341058658,5.019866060718752,13.245735781426536,-30.036901671529755,-38.22536698915946,307.5501711734282,161.51935284737763,5.345687689054335,13.734875931759577,5.599999999984407,6.399999854478572,33.94079145800745,7.00058570663057,-4.341715198118694,-1.0438108738417928,3.0,3.3112836347118226,8.611768964105021,12.368860446093661,84.71340444437814,166.28125912614703,17.06453940569026,2.3863648943854314,-23.66021208736405,-8.394611166323788,9.682542608417437,9.858508821758186,886.1315887477542,431.9816731993324,0.9960935653831138,2.0,12.378818493682513,108.6257535392104,32.31506822428392,28.10581964527981,313.344072001444,90.7245463277396,149.42976370471195,111.47699835374955,0.0,0.6579775190914857,5.775189602967936,1.3975281978430159,148.11498282178312,41.167607486070125
EB18,146.0,0.44057085860747264,0.3741297778297549,0.4437540684677708,0.4387007034074491,41.72234478064318,29.0728392791193,10.680585762301302,9.438611783178471,6.179717477263631,7.705194374611791,-22.373173684320143,-39.87423033133621,213.91528515901302,202.9352869285937,12.663212277419753,12.164974917782773,5.1356354062608345,5.435025843008733,11.857736427335492,6.186461509841097,-4.658051318574484,-4.479410633756776,3.006204458863822,3.2468828350222356,11.852366340901185,19.82054465983519,81.9950433392798,139.95149734575622,28.75544794876022,52.72975513731086,-29.481666870238783,-18.820160949565494,8.694083377273829,3.6414217867573955,583.3068984727681,609.7753211594328,1.4390009972170574,1.9335745122092294,66.28938743321264,74.87660148763591,6.868305137618163,20.27326504654759,304.86768796530663,159.15775239065286,121.84844584832129,96.587188812596,0.14285052309552088,0.3872289999541756,14.039472369770058,3.0995972991570553,75.14492276237748,12.454686102352559
EB18,148.0,0.6991472965503247,0.6772286132434341,0.5523332114900489,0.5016007660889045,34.93879086509148,48.38642506561732,8.495868300248304,7.96553421812966,9.063844134026514,9.789772208465722,-24.85257765523375,-48.39208522127606,174.30647886082633,176.7086865453968,13.318226549151143,13.78681023933489,4.881794430139577,5.813189759705962,5.550214885458062,26.87207129668363,-3.0272884059796774,-4.621630438499286,4.481478586298207,3.5423381756561536,11.762171454522148,11.41175318476657,102.39105133898833,119.300242102042,20.52214753485307,57.975439079535604,-16.476351674859693,-28.791898097036434,14.31824212673567,4.226484277917177,379.24326823359434,241.63910036134286,1.1459722933511278,2.0,96.46050195314905,104.09215005924345,13.473340125574888,26.60589970483427,384.9048736626114,487.8958673862426,136.63398626915426,107.10801017262914,0.7668468939112563,0.947599162050114,7.080608654765229,6.564640832844425,93.29797118290867,137.84499775082188
EB20,150.0,0.6448535559988411,0.6147913003282549,0.5259907201494083,0.4453485813403795,44.166862975355386,49.99995987682999,14.480286470924078,11.560539688888067,3.1988054457150876,4.359001159832235,-25.64151729871481,-35.54636641176018,594.6821852767064,262.721757108355,4.175592702016997,10.379064527982244,11.624408318436448,7.020897267883468,5.196199233003317,5.0,-4.764875936939756,-5.0,3.0263311811150992,3.0,24.45261195193075,20.57127091204457,92.2867518857348,84.85571710319381,7.544324594892502,46.85234726254908,-12.087757551069053,-19.834638743091418,3.501281911069859,4.7350412461520754,891.430792324348,836.3850903773657,1.876717469408048,1.7182244222426861,31.670076255240655,83.20991866221229,7.868095329380669,22.659601777806877,127.08774857516156,247.1791082234187,65.3057214845371,31.118551276272015,0.8611698935575475,0.19558591703620293,8.766042149461217,9.859285899995058,24.975549568612106,9.213315507491137
EB20,151.0,0.6772018973586093,0.652117167821283,0.6592661299940767,0.6322072484499949,15.465006940635226,13.245528618005002,11.315098116244512,12.420969064128368,5.260679521144072,5.962529345212569,-35.376615680290456,-35.376615680290456,240.21693141001356,240.54802054448157,9.22336408447837,9.22336408447837,7.776635937712753,7.600001553592978,5.0190721065970365,5.03576151878913,-4.751472189802126,-4.704167523374467,3.90553158873285,4.049284653287243,16.62956097856713,16.54878390732884,80.0,80.0,19.527120442660447,19.641427726815085,-20.487515876965603,-20.21295327549973,13.612425188872697,13.591793315892101,584.3576253083176,584.3576345961128,1.875654902110674,1.8172396434805784,91.21246926158925,91.82844635459557,15.848530461494594,15.138895475030617,415.692698744314,415.7454473099295,59.77345334774806,59.856456594324264,0.8327276608737889,0.6491830254264764,0.0,0.0,28.991357972664613,28.86831591786873
EB20,152.0,0.5626803034005912,0.5186126918166192,0.5253360428919405,0.4543325565019773,13.713006780551165,44.359520187831706,12.316107557539057,9.017527869369143,5.7592347093006975,9.424841487984692,-35.376615680290456,-21.450553973493705,239.64299588373544,207.17650773828362,9.22336408447837,11.102989029982636,8.199999894985691,5.599999992263371,5.046577944278569,9.601792729306394,-4.7689746917691105,-4.402858592803721,3.937047981170867,3.3511470218693633,16.52036582074261,12.28384237887959,80.00035580922851,83.4804962448775,19.753523231215695,30.481362392764918,-19.943137357928236,-22.674342827726033,13.575274513289783,11.447431421830183,584.3576470632031,464.8631743800314,1.780882944184576,1.9554326634385886,92.473834428654,191.38389218816818,14.84235264837495,26.267148113574265,415.81339104220376,231.40083061248586,59.94056069627102,55.8456948058857,0.7311606368123491,0.34503603488732293,0.20267031839707494,0.010231909502781833,28.774162653628164,127.9266883402573
EB20,153.0,0.3558761948188991,0.2755610279050347,0.3728380052964002,0.16583367534489685,13.382992714500208,41.04708031655213,12.913593594875156,6.3574230537784935,6.284986164350864,13.88005440056993,-35.376615680290456,-37.746753696324134,240.43301517496658,190.98993943869553,9.22336408447837,13.986267758664466,7.776637099370986,4.600011235841603,5.202099076598929,16.864110524031183,-4.525362249371516,-5.0,4.444079883275473,4.2729388317633425,16.49381266045631,11.030344151505126,80.01070922715563,86.33798214408318,19.762771700743066,8.926478947646618,-19.92199351761958,-2.8559897772483085,13.61747693050463,8.786677306051065,584.3576098228784,268.17790423765763,0.9349814050173525,2.0,91.52886913673993,49.94537022200886,15.735905859162209,5.0,415.81993891040105,315.9233047714908,59.693236087030584,110.63721389800203,0.22226614622510818,0.2177987474506456,0.0,16.399991446553244,29.10110254550867,96.26137630394928
EB20,154.0,0.47480607108092693,0.41459368686256826,0.4569098864294357,0.3672426050006212,45.89137531458965,40.40061482045419,6.111496335494641,10.900069821162155,11.304546626893938,10.139257693318383,-41.360906370770444,-32.50456654651514,380.92670112062046,157.66667865802972,5.144676529484837,12.978602033829283,6.45532314263701,4.421397967814492,38.301778974419854,7.218609405294471,-3.520825640963767,-3.8978693406431972,3.0,4.054863161895257,9.860412473723331,9.528157016477657,96.68535486499331,140.1250518776126,10.630362079636503,23.22608056639205,-17.788895950096173,-24.53692606942181,14.837420777023178,4.717698591417262,709.3291437026706,763.776716207876,2.0,1.825229509090708,92.77701708352572,120.65295920309399,23.445786044404272,14.64130299862523,316.4495382203056,365.55207949518996,145.0057711935524,65.28725578915669,0.9574151623163358,0.3469810309166698,16.94023377091006,2.6343843827883457,104.15420315079129,93.45958804739126
EB20,155.0,0.8316607254359218,0.8246360376181013,0.780231032001182,0.76112222449391,43.65738674415397,48.01152912263012,6.27088763266521,12.183575496781899,11.729168752796946,6.8038048293643145,-22.772656541640416,-24.33208165525863,471.57139332857554,364.3341085798194,7.421408598762296,9.160620880531383,7.1785913932000005,6.439188679873539,6.140402775074145,6.161904333825014,-1.1373694945949393,-4.53184301071964,3.8090385585282553,4.1660083786333235,28.22532890481033,14.783564626831275,97.60625461399366,193.70420962997576,24.09023257919912,3.8562218181116115,-7.270838213847746,-19.08330446466996,6.103223086692161,11.245721879389597,465.6694455703312,568.9784213365124,2.0,1.9929030934188623,147.31242647625436,125.97260431804172,11.846714883026625,13.168926064929744,223.38918258504992,181.42314687119017,76.41959245255191,69.13563809485262,0.5950630869621041,1.0,11.803060394494691,3.250602145558055,74.46792794519995,76.20364781006366
EB20,156.0,0.5855959312093565,0.5455958358378331,0.5299128549554868,0.2590023511640682,13.057005349980361,12.496963936671404,13.637739178932804,13.916005167110608,7.094488521923622,8.14585040501185,-35.376615680290456,-35.376615680290456,240.360149409607,240.88933819038928,9.22336408447837,9.22336408447837,7.981818555954862,7.600000032278321,5.380692268505466,9.963646464577083,-4.416274914543601,-3.787025436861766,4.302316952495021,4.59007745159242,16.475260169190523,16.382935063714047,80.02601190283958,80.42197714459249,19.850145510356416,20.05094846229144,-19.710169192790236,-19.22643901559078,13.557721700874094,13.515677125412006,584.3576857805131,584.3577513237711,2.0,1.8716984284837985,93.13665333731831,94.59658406588314,15.015418521721235,14.622337820275451,415.8812168450821,416.01187610145445,60.053385497327234,60.287354207175966,0.8188940878215847,0.8174393168386973,0.0,0.0,28.864661899743094,28.77287772011915
EB20,157.0,0.8669613640673902,0.8625590132358594,0.8284293469225179,0.8127405461245535,42.319412026677846,32.07057139581417,8.24746400903767,10.923864724133873,2.6627070974991036,0.8184794725056076,-41.41554696075715,-24.501336829027608,693.744824427898,398.03342718709735,4.954509344789801,7.860215668536302,7.5999995081904546,7.4000001023598445,5.528954971828237,5.425615971773521,-4.8151428397552705,-4.884110877115982,3.154970543859046,3.0204411144598042,20.149624650737856,25.92657342441656,87.58555546512315,106.46610054542496,25.985896890622683,3.514400957685887,-28.70288403826387,-16.12911476706267,14.19110202317646,3.3642528036332546,420.8931010463336,294.76438078407665,2.0,2.0,124.74461772537093,144.8113465417135,14.520836118951784,17.719150493070057,92.63024390436726,122.99172585634224,59.473032778427154,76.32777066214236,1.0,0.3357362044016819,12.834102697676466,10.120000567041272,106.64470932340963,129.4773498437374
EB20,161.0,0.8171614335017504,0.8088885586433517,0.7239285531086411,0.682452723225857,49.190726900521675,39.022226653625346,6.173649134492482,11.199104658696513,11.771250044534453,10.4763978367276,-37.58050653383143,-41.65629570326732,583.1611879854453,175.81370389575588,5.292563663480261,13.50390209304162,5.707438822490643,3.2960983716079553,17.841872387429166,7.395228655473399,-4.473660805175043,-3.826696356795711,3.845453153515998,3.154911943061289,24.36876863926379,19.333549354224363,87.99429892444931,164.098406732758,7.48316540374777,31.54597907844806,-19.98230542276091,-13.002027558492868,7.976124176707434,7.243780091408726,448.7856013491264,456.51102657263914,1.9576578910713516,1.8907064669501943,157.2274054598452,157.95464546314324,10.011506427266692,10.92183991922927,203.82027828225748,237.98474352802586,111.2866865214485,124.21225563742908,0.4879840071533854,0.1804165579920192,5.573803958989447,3.0713941799287423,107.02220801157559,142.38428503632568
EB20,162.0,0.5876788163890548,0.5480431621117361,0.5355060813394559,0.500779310138544,50.0,48.10167173807646,9.25503140624465,13.115091948823911,10.586607414992043,7.594496157167089,-49.62466751540806,-29.689181750226282,397.32431056978265,210.32461336918493,5.896460121517506,10.77714597595222,4.903538721495903,4.022857885435116,16.965998437272383,5.485235869681148,-1.714556414804471,-1.1547445037357291,3.596585122930925,3.6649293093564386,14.273248921002907,12.598124652497456,130.54265252170404,125.31810337920793,14.776415967089518,30.51806693519704,-15.411568371061804,-4.26584737310788,14.45307141349086,9.202989413791604,204.18030209110077,567.3695569408329,2.0,1.5837550194098047,116.09949795798738,120.52654725221167,5.0,6.134745412109672,188.41066800408169,434.2118004262582,95.29329646140799,73.35071246023313,0.8928225793716057,0.4324539286040111,4.908287074157411,4.693373515139697,111.31287548902057,77.54149465848668
EB20,163.0,0.6895184418278903,0.6662326167071799,0.6742717699789651,0.6397220583862389,46.4404797186243,38.897406993077965,8.999190969017398,10.165453464385172,12.37504067808346,12.864023856163556,-23.149546756034965,-45.51725703263532,754.6674748355085,496.65382067491277,2.92510177710422,4.103772755995404,3.474898219682378,3.6962271049034983,13.243582983918243,25.49072631202651,1.746789849047707,-0.35279705869658845,3.0,3.180478319337111,8.778413924736084,8.0,140.11955973380472,189.47600212578374,38.38966620566458,21.18318374149603,-4.9371770461884275,-18.222716383668192,5.4903313423954385,13.493713448117964,810.186266372117,843.7002853436188,1.7973759357678014,2.0,75.3856633849347,150.2983242374756,9.466163444615853,32.08095141965166,264.17875921776533,186.7064097866686,127.15594517964048,68.79661584538792,1.0,0.7915675120105056,8.222425996876666,0.6962271006706516,123.07456359440246,115.45721274728055
EB20,165.0,0.31948610248162923,0.23450618046680646,0.3259543100902814,0.20198920863561587,30.944156387839694,25.771669917871275,6.888030382999623,3.373003833514037,10.98341342651328,16.8449101525851,-42.89220291956678,-29.35194337541745,166.0835506507149,158.41152335184017,13.884117093262743,12.730476865778504,6.915880635547091,6.506447757422546,12.882207813985408,7.790393418990284,-3.5401562635789388,-2.459345100443543,3.686975605340743,3.5790938784083615,24.902555778073296,12.292575615088278,113.65162431675142,177.72091360254993,21.854740798856344,40.544202382668225,-9.113433218346415,-24.20695263646831,4.9239123228498745,8.535936349103574,537.4386856166599,640.4792723303293,1.015307911209074,1.8849646050812214,37.039206040253084,77.01495007638819,20.774054407522275,25.534622391210082,362.22896055237686,246.50957232835228,44.38161056901088,34.59897458407843,1.0,0.765923870025335,4.7813280360064905,2.4744729524781413,72.81992823972934,55.12436043408003
EB20,168.0,0.8426873902965553,0.8365456671029785,0.8088172484423898,0.6818871111584477,39.98409628652771,46.01140966051676,4.81070339792734,11.973099561323977,2.37477118607248,4.855665051429053,-35.47309340216844,-44.34429991444101,414.32936963405814,289.0511181508089,8.70720893666693,11.453413078244898,6.399999805114282,4.400000305004202,8.385797957736882,5.573846476948038,-3.5020082048488126,-3.8031256198471652,3.731807988641442,4.240004898590651,20.348463393188915,11.825032184675313,131.94727286464385,150.902402534739,34.551226611030906,5.328675410282296,-25.72289201122694,-29.093253156926977,13.983696255755369,12.738761196555581,488.42061892715003,519.3232325955377,1.6539303320931888,1.4869290097826728,173.4283474289103,180.33561159005907,8.20980414805379,33.21362121049299,292.36030675089376,378.1737825573595,114.28515062585123,92.90515846145405,0.5873800525282309,0.111738234671203,10.567700879049932,3.5688850708173807,112.62386891074253,100.69174571221426
EB20,170.0,0.7390613456022065,0.7224223341269267,0.7052397605209547,0.6508907922901146,44.93129700750618,39.30966688457341,4.066909779575818,8.811552741596246,0.0,7.488074013790111,-22.23039759952727,-45.850205651468585,344.6865378379234,492.34576695399164,9.381100914597472,6.273431888568652,5.218940228424947,7.126833418468288,11.22764465839726,6.01329083958558,-4.570877212622798,-4.934537281578395,3.786008925968325,3.562269846917382,11.865980164604911,23.090729945974886,142.72371669568759,90.46446603952816,7.144566559220356,48.12189288712637,-14.545302140299013,-19.45490229705748,14.085004064073097,10.74893795209251,565.3475838264707,579.5797377023828,2.0,1.6127216907770232,185.7420214449216,137.60278219975356,28.965202656676112,28.383390967873357,277.6626109346621,251.1042259398976,112.67076814212992,27.64870224275697,0.5366001176900135,0.7873758255640495,10.575165041420949,12.87301645486503,116.84985203567503,117.77982660972013
EB20,173.0,0.7318602308278479,0.7143163797702996,0.7599252396626864,0.7087306943863827,44.1998517437347,44.90854828787767,12.676198848473712,4.07401392826881,3.1705503411198723,1.4642454081255623,-34.313185363980516,-45.326082127028485,408.8946973846873,375.40919006955886,7.878114368034314,8.686006879995343,7.5218856206839355,5.714008694173331,5.0,5.561669461422087,-4.54652885248794,-2.756424959868703,3.0478349880023545,3.426053238608823,25.18140569810113,18.24427654300559,96.49305252268385,85.08925150377405,28.620974990395823,6.500311167196107,-23.036288461414784,0.7799473263041737,7.510894549214368,10.846473258600462,559.079950472612,339.4016465858038,1.8952920154022213,1.6264631456799847,191.1623586850844,151.9427555584522,19.810035831429925,10.71011802601229,340.2715480823973,414.41934529330507,28.90411170362877,64.334528503122,0.46702243975890356,0.7234103112662124,6.773905219666685,0.7282650214760754,110.32382946085116,86.4653674729125
