tau_E,I_baseline,I_HD,reversal_potential,A_fast,fc_stim_duration,stim_delay,g_T,V_half_T,k_T,tau_hT,E_Ca,g_h,V_half_h,tau_h_on,tau_h_off,g_a,A_sc,tau_sc_on,tau_sc_off,tau_sc_off2,w_sc,sc_delay,tau_scg
43.527435435752864,23.27408262692383,48.50053614332491,0.0,278.446684916907,63.38306969927579,82.74893135701357,318.722218336011,89.80331838833642,154.0568800389446,4.09178384978044,29.166236335218816,6.424395175015134,6.113188863326078,0.06072608841894946,0.019771258691168792,15.897897431478313,49.15687860031509,15.135181855806616,55.75491949610029,0.5893031185863178,2.8851675221675857,19.395631592103555,5.385576146618852
494.19598437352323,53.92336644639073,112.34674807955709,0.0,1815.6845569910406,182.07184796721526,264.61035296782023,121.9425435308412,67.02987488958883,196.25791177842288,27.960722585742204,17.697809432449084,15.83421828415758,52.54225061032642,21.334743697271463,8.082382672064814,36.740412901756635,221.24951586276248,21.716833047901133,23.4359258731422,9.821619322604416,38.569059334575506,25.633127734842997,16.84432397529994
136.5864812549926,27.037156428531038,56.34304172335184,0.0,547.0091525759618,212.16710476739757,271.86886173215777,306.8513933904334,78.97230944561987,147.50944243476448,8.101516349752764,47.27871806638075,46.61083811491062,12.562295282430814,0.724752035481081,0.7889956337255595,21.96959719664716,63.57915553133203,13.606662973766673,26.55088146218829,49.966315613077484,20.793056415223166,38.03671450812588,10.333459337492767
118.63365945948306,49.546450446217634,103.23173328390867,0.0,632.772003138433,137.74979665712593,258.87723470758823,37.107499709645374,80.16960968595735,307.97799257378057,23.231641110238343,23.995955982836584,6.360681214806484,3.130349927029243,1.4961653537151263,0.33161783982574683,24.510681934764488,149.58604039937828,24.593016597904526,9.670159686230624,26.29468354115343,14.761876079728799,30.225749873881117,43.058631994528724
70.49544082460794,57.1940424740721,119.16124594830319,0.0,231.40034869286413,323.05172360879914,156.09667049610502,105.67380271240701,98.47018750831468,248.80867067928511,124.97735474355895,14.445784602414163,5.741917757196216,7.02793027966155,0.32839808416692384,0.7843591956405986,31.774265746704422,160.58107326053582,13.051263093782367,20.59510933046894,12.514394590308221,22.001961705689638,12.44997944367871,8.794567822215
39.987927913350426,52.174494923277194,108.68698032579013,0.0,64.77461749201352,204.0143341895408,12.160115115931818,156.79806680003193,77.16705764319713,219.47076822070724,26.755277804982818,25.6004279424604,5.333219605103774,5.452049932389764,1.7995822421065317,1.0481019584632136,31.126390663647847,157.1806124299106,11.723501231955218,99.72574394551522,7.989717719478246,63.227299193833005,17.513607055146977,15.621627206053759
54.51905663951453,58.31110955026494,121.50610617853589,0.0,144.97474170677316,188.8722407450369,134.54033767366838,88.28406181541311,79.04766211437504,223.59201283941604,62.53526284422327,24.914828013904216,4.878890557409256,10.297918129400346,1.0347355666654996,0.437424063103611,39.3208452190689,164.1205361052124,7.93038986386446,21.247147557413832,20.374986064565874,43.10673853121209,15.285319563469033,11.048120421322938
21.27488617726219,56.44006725134576,117.59847469248847,0.0,282.4137958955891,96.23782722828282,93.39389635518161,225.7302886974702,64.94048712410827,169.53781590866188,1.4555240331886605,17.875704015250424,18.36064240596527,10.982160917051065,0.1342651814360406,0.1840123317846689,32.849610087441924,186.46779594115893,11.654388261609029,36.42601685223016,2.6829949111155678,35.58833803290552,19.872028174096112,8.048197142119475
59.30568738871567,61.45535831076543,128.04607060288745,0.0,610.7459803766616,43.29876488528345,220.60809284644967,81.07674087831691,68.39707265977569,224.00065104099176,32.16648555937488,12.269881852339255,21.804447922716975,3.8975409295799084,1.5870735841065202,2.698971826727245,42.2527589067388,225.6904325823902,28.816937524949374,35.590024248055364,40.75281451548238,82.97246940425417,6.177816175241801,16.28436945329559
6.141010891507805,48.79965108819832,101.6758141490289,0.0,252.07849265652663,75.34822386901573,85.55500719931207,292.52487314715887,76.5330749920964,187.66106304016543,3.323998838903389,20.336701062036827,6.356305654755631,19.484973933293052,3.1479892339839606,0.5503549316422262,27.696448193103297,47.36838736447232,8.908429900704396,0.0,50.20380170835615,49.25225658734352,12.273637320585939,9.765803437559562
183.372816131339,50.277791356558886,104.7523550741565,0.0,610.2776376984783,131.73853328667892,373.2852912008586,335.90192909929095,71.95939735959452,168.1508154150676,12.63252546499227,23.98507327151188,34.44589787263747,17.36035576587699,6.786097257796549,0.28718433260628917,28.72808718181684,60.71567560243525,14.348790657112291,6.36127452866294,56.349319637145314,55.55080970740363,18.88649093678638,7.4130613985084866
223.4367445077189,56.450727201013294,117.60927249192555,0.0,1152.3987162268193,124.49495826730795,205.19062633494022,347.0986547623658,80.33482655191885,201.31690940424104,36.66650956855166,16.392682912213424,20.518273985021104,18.24970914394187,2.334791757887524,0.4550701356897709,32.83452826364429,212.47134368502785,37.614222181467454,41.08399628217709,8.041943009857276,21.964575103540838,34.33422904046232,14.475577024210988
58.326127275281024,53.739300434556014,111.97486023388892,0.0,233.6379132767439,190.86129336278916,119.0465052465799,85.53048034727847,77.39582629191634,217.66296108291073,24.051547614633606,23.900428546648854,6.7866157857722955,14.41749333454633,1.3981237704262255,1.8898944292659772,34.008360062272516,98.94434871950219,18.545753197403968,65.77438881687891,138.94835763866195,134.4589414394358,60.4873487376916,20.685278507505185
102.86679674687494,65.29148873319016,136.06985372967745,0.0,223.09568454885138,561.8125195806984,194.90170708252995,91.81859395587557,100.83126604147607,214.57582297408138,151.4024332000229,15.0668007712422,41.26009894863211,31.45334525589753,4.878272782903292,13.194045361536153,37.90339654305873,266.0437951763209,21.227581769993172,28.922667937561464,0.0,37.555432704876466,8.39256671802647,12.44558758650709
39.999687793493315,26.21869580793204,54.64399360803377,0.0,109.99793957066493,212.71295087623264,161.50091038841467,549.2316931957446,83.07824741242415,109.81198817848774,35.011491956061725,50.28153189887421,14.368597034480374,16.37540487395207,0.6219053756416693,2.155100235400926,21.576050300335822,112.50009386362478,3.969001031634486,1.0325947241784283,0.0,1.3784151647298704,0.8515033100196451,5.749650518500519
12.109751664117992,47.2514298289782,98.44391143596988,0.0,237.68145351960214,127.82032276172063,126.1672136833817,310.6033145845878,85.47280496399387,169.19307633308358,8.320081549494164,28.697970646671084,2.9657171822035227,2.827414092271279,0.48571096509004225,0.030769995267436647,21.96809858195222,33.905729897589644,1.9248066516499425,9.352094812372666,3.8424052506422623,1.300236011187311,4.714118780908269,6.075221080376583
10.81403832091096,52.795881977270646,109.99960154212793,0.0,266.31694938162286,128.04126538425066,141.76704157955422,302.45237194704237,70.19878176048302,156.4821743634997,6.374833183058045,25.221411653075986,62.42827431320441,13.718143142936187,0.8899494377946676,0.4006749786834293,28.710256818167355,104.55746295047729,12.506699086129197,98.65690535365816,0.6483135615208802,12.987605796796721,19.54033042488205,9.66900526726964
61.53713777422203,15.88657453630786,33.097757512723696,0.0,174.70200286410898,126.8052006462669,133.75391508360914,41.85990965370594,2.7567645305037254,0.5310957359301351,4.478778478422035,9.81452332554273,0.30414824281646025,0.27638070495649725,0.04891912346227373,0.0003999844731243746,0.46189952019907315,0.0,0.0,0.0,0.0,0.0,0.0,0.0
47.3804749873671,52.178213257900154,108.72306597735891,0.0,119.70803071020569,342.4584621701274,227.2007890490103,18.03450559245958,81.81485458167136,358.7316548410268,111.7739797150677,13.356369713642763,5.528152591729284,13.374658810094164,2.866182888613335,0.45856941793628286,27.1158739168378,180.2634840361939,24.061976829295705,28.973803823524484,20.4945688420658,45.540225440236604,14.624529440319902,21.784143624377165
156.7487499265994,59.391458531740945,123.68567260802106,0.0,1873.7865896527699,188.11148674848062,257.78332052910685,99.84439309223238,106.58120943195311,274.14419955358954,52.358124469022435,14.62996239254305,54.43475200466772,11.052028916357184,6.300994331254726,3.6160043296209863,27.783447896060796,201.64695042540404,27.92802233497027,49.773295202084505,3.319393309431267,8.106030707133634,29.45390334492545,18.827579937033075
34.583404015075224,51.70872737968637,107.73411713296771,0.0,155.30212823955847,167.17747031485197,135.13863493213208,389.37625802526384,77.44846422482964,163.18777084955244,2.7655198179293348,25.521898337208324,2.6294148732649667,3.113545548306241,0.19782565593545876,0.08782052626741087,23.776414819800966,82.90335713209475,27.1606014332035,63.612944508398336,39.600745793899314,11.022169269033414,27.26634592027369,12.087036212794928
25.055463089401115,62.41935697162602,130.03667390367906,0.0,319.32877817549286,113.56560020376843,78.97734147412513,133.46759606516954,66.80644360709437,180.54749384941624,3.3576216397487877,17.80064562625185,5.481466095989286,9.773912705828593,3.309979849177646,0.1881856931377923,31.711501247830423,170.44428749202578,38.34462779077344,89.56300237371194,48.45735841252484,76.8250701598493,29.441653233658606,24.985979453446717
41.81486768643275,47.68772255782395,99.3505897379856,0.0,80.22666245720512,289.867046711607,67.31410737341045,56.572860749628155,92.43076788569249,317.1260156888844,39.34900569828799,18.090062140179782,1.4318278974202603,1.3220173498434447,0.16279563131751612,0.07103279779253326,21.67188726667042,132.5429918385927,9.952882432185469,63.19416224646852,0.0,44.153659191152514,18.229587152083575,11.912637187944012
49.361094225466694,69.25746410742516,144.2778624680755,0.0,168.40470056625904,267.1339925914558,162.7002088605053,44.312225548906945,61.07235690749888,209.45381776690343,1.7838270485635042,11.38501664816927,1.320386598336628,9.267334545540502,0.19957249680710215,0.14069521926273493,36.871955222600235,229.82859080173478,49.07015774883877,11.98037336155146,72.42632716657671,84.29811285357705,40.4950616596721,34.07619125729547
18.5591271370702,23.16814028574254,48.28367200352885,0.0,163.69348220003454,148.11298628090063,105.49581270226622,341.130859362625,80.6894737713685,152.70767032560843,5.720845985326366,30.97530208648908,3.009886460607413,10.620174970701648,0.9646561525781462,0.0259346763313877,20.747510237448093,127.31025472643698,17.34189087369864,20.42577853406414,5.172548876202435,13.908348118765678,23.43826365590433,10.568169048909144
27.909479631258375,20.011784206803508,41.69570695941214,0.0,97.88178368527355,163.490649108318,105.79441326388695,363.0265443326227,87.18210367036801,126.53818633346496,10.060448878803877,40.27281240537298,3.546945585539868,6.656280649106323,4.347794102227347,0.4443019114471022,17.96282402691423,52.72514559740926,3.680391087187872,10.10997590587787,3.248478575238341,2.0141635724459026,8.237720582658781,5.292111752476424
24.026093831705246,60.549441908098295,126.14355059770963,0.0,261.77786891865804,158.21807331022592,125.73627369569111,183.23281669526185,70.38761867914963,161.6779452864571,1.4537587781360735,25.825248633735654,1.870834401752901,4.297822664809975,0.35392491945220994,0.021820699972552354,27.839768018120356,147.4788053294176,27.787522906669626,74.7658686180897,28.93411552354745,7.612955728828161,28.615862800007307,21.942812272147734
39.33569668163551,51.82741938200252,107.9871945662336,0.0,375.68395350738234,156.4597417526481,76.96455609948806,244.5583858909403,75.88326066150887,192.42268603860586,1.1112710085915647,16.370744790164633,4.776605151030984,14.069174265465307,1.0465316796511996,0.35435889809563836,26.217272927735483,147.48625700787264,32.205240991651046,11.391211865878123,22.50988306453008,23.177583273872592,41.394609805345524,13.312414869987018
81.78349954528038,46.612433902279534,97.11143433638865,0.0,452.4105223661801,137.9384639765105,131.10413042911955,253.29378974706518,84.33024883414396,199.41656811043103,13.332279634402742,28.877984603223354,2.7453146093177816,3.6086451717356276,2.3325866988538655,0.37251209473263514,22.327126631114393,64.67539256401541,9.445084048162679,64.19706766979711,4.730072565066196,0.5474418290663761,13.292491803642916,5.700239966079727
14.380260668888086,50.27037605063207,104.73552916039435,0.0,228.48720206658408,91.16732738403824,80.86674498687731,254.03823301549076,75.18470418742405,168.53881398625037,2.879750074607549,29.506862400939216,6.31849809607946,14.996731591109134,0.49718000596688133,0.8475975386454242,24.16445844480517,60.49111294693156,12.740727468398875,118.02634348139006,3.3480441590286425,14.205557116410453,15.50043844796583,7.647138544493796
12.593482821863708,22.564569133158795,47.01142449910901,0.0,89.59613069671539,132.60858297445571,120.80778554504184,413.3676594154659,87.21368265341152,139.08325550406167,11.657152957979465,37.14687244992757,2.850057514458133,7.397180494395073,0.3541667418881879,0.11717153548771567,18.7661879213083,32.232171881206085,2.940531317117806,0.0,16.09428822890296,9.512331764306193,6.681599406392439,1.7479669358458287
23.896737847934418,57.74994580335225,120.32114617417865,0.0,243.27332053860195,149.6749317045451,144.95488451493685,214.53938028964063,61.56793747612109,147.1991694581431,2.0680061649130415,25.197720708965452,16.407329248301792,21.712482470997596,1.695617299155751,0.4865620911411855,32.253614629723174,191.4663120351542,30.658577722294464,35.99427330840013,19.625185460935075,37.388398558704296,32.27141084167533,16.891901050909723
53.555428080078244,33.61873773504898,70.05031232596883,0.0,351.128879177572,160.3384823700998,150.22213187786272,263.41835262045515,65.88632911594743,146.2906601288585,5.1172369068442425,32.67647598125415,8.267158775991305,25.782098775476396,2.2577089734661815,0.17149842790396164,26.64527577193214,148.53406375367717,37.05853319778919,8.243146873497826,23.46885240672411,35.79038706834048,37.820055143271965,20.674744778180457
34.65922758106593,54.02336082213624,112.56699192774258,0.0,291.6149517195665,128.3372253512107,108.30507743326972,212.69192822119635,70.30435820166781,215.06236092759104,5.66743262502146,10.895518157673461,4.864916119912294,13.6711849864325,1.7216729705666696,0.16915941569632642,30.020000422246653,129.5255015812443,21.364652224357478,19.221596764581086,68.49828536695125,80.80413366522589,34.26777297243742,18.153301239848872
29.065996414386515,49.89250233194133,103.95453701225264,0.0,258.48810982210273,119.5479250638695,115.6478583396393,219.52881728951797,79.02406500756499,188.5213343757705,1.6006759451629304,21.14928539508298,3.9003042520036417,9.516569546400792,0.8567625996891826,0.2759008126421631,23.159389825402293,77.40451156236725,13.272809263635516,4.587362833615727,38.999339301467515,32.847611663749746,19.953077634574946,4.1667399907955405
53.59972269670236,51.84019316824605,108.00266121084076,0.0,394.2188185432168,83.7785028755985,136.39993684210842,653.3771914668432,69.56770459863725,102.38836575928016,7.981596544776668,64.60358112907528,3.169010172012895,3.0826358680973898,0.97210681150228,0.08660586136711831,32.490804292694555,46.14753556337336,4.2985039570921835,4.456778460041442,11.28983799020123,9.864587238507216,0.778238471446693,1.3720269728809489
47.974155301747764,46.49361967514,96.85808913506762,0.0,788.3982719691697,179.45889204684377,155.97990830798932,69.76830534306836,96.11278673882892,284.82482983492054,6.67020196639851,34.3461696863134,3.33758486665049,4.193146505629454,0.5379477158800097,0.10589692263823651,18.768066614199597,89.58689395618397,0.7453435206608225,1.4323364946455022,0.0,0.764961206237953,1.8024938615985096,1.7645545821887079
78.72563739016442,58.09188748720079,121.06289517820693,0.0,89.31616149686943,683.3216449103344,269.70369875137715,20.147610748719288,82.13440539374479,298.82767645274754,149.08724981626833,16.06092902483426,10.401738591472661,31.2254853128175,5.659861788208945,2.7870233280133645,35.56215186745377,116.81455343612647,31.330073345659454,83.35976878625453,74.27066002517445,188.26504227190867,21.93254026488674,16.360916586583624
130.7359153891158,46.56010952797683,97.000532986986,0.0,985.7200881024793,228.23730871276453,400.2677600926334,40.17152337648336,87.5012931374397,330.62874485102236,5.4597044110756725,22.263993918997272,7.883007985609855,4.036639117967858,1.639885847010658,0.49450263487870305,17.98344565753767,61.76970653192474,8.920587099098576,36.710480245300985,3.8333066622314824,7.3777513628256175,23.14122257280812,3.9246911580849595
113.62461615642566,49.06338712837492,102.2172639498017,0.0,431.7067313895152,73.32020046326836,210.004797413934,286.1581267799897,65.0629933339343,137.6398507234069,17.300668570859518,38.1030101115422,15.177512053783703,38.96814055143761,2.2102320396160398,0.7546168477313255,27.147965896583838,94.05966508043595,5.624470800838657,48.59469314087332,0.17407104482418106,7.9071009769764276,2.997111749438194,4.5462065497938475
70.17812038091651,56.08677234272149,116.8446184208116,0.0,226.89643728207344,337.52213315303464,234.52900859080864,49.70357232057734,89.56514156016473,245.48104179790778,92.7510887021988,22.72763681074046,11.71006685596602,16.34880019780917,0.6122730793735952,2.31391521789782,31.05317968868695,230.01544512420443,12.410575797215865,32.04940004853096,11.227362633457657,35.96018478880926,30.32873952803729,21.921746239791563
6.613772403351162,48.20218156316745,100.42620586105399,0.0,194.46923933011004,90.29397132282877,153.42246888219282,297.64728016119534,76.41042076215403,169.07246687003666,7.625449253877597,24.043931962385148,4.120424185004717,20.576289994726842,2.177615433603996,4.98699318478876,26.28448706596961,113.77973738822632,6.670874356690939,31.2088393627107,1.2540005502779248,5.950863585831777,10.836241130215429,8.873401733651834
101.32717596989052,47.504391218020615,98.93675463447896,0.0,500.20839410125706,163.23045255261735,186.7362519400983,318.95015699245886,77.61639139083326,195.06882541927874,12.938734573036948,21.427015894233822,3.9464823655959265,11.245921733851558,1.6665846649011853,1.2866177188107206,24.66919284074191,92.5545444290006,6.066066210183927,5.518403908362956,4.037360150307906,4.4662268847000925,7.749721377491178,5.516922642053581
41.24114783456661,52.87587662301581,110.16841097812075,0.0,381.0866816650789,171.47918854786832,98.40508758497566,220.99150214436304,72.14015688465174,193.89170578509012,19.96747879658326,20.994981757555742,7.551385609401638,2.804385897156176,1.0889311719972474,1.5821143110427358,32.470066944882646,195.4050158846823,10.568989767475816,39.9287655661298,0.7949416496855511,20.165365876409503,12.037903046478116,14.415470701512966
24.358239544044316,52.17209981958577,108.70527221088203,0.0,286.42759128024653,124.26633085780584,127.98357073206306,102.82810456057969,68.93140142427576,214.95479194392337,18.581677697919755,20.811571303112196,12.434168083915667,14.967146097781011,0.2824148132186727,0.37559819507122516,32.50162439607336,170.2435277278281,9.7939579049587,28.123987553211123,0.0,21.11551539606952,9.843519319462875,7.302628700169288
13.444950880030666,46.77634541681605,97.46027022695243,0.0,229.75662002725718,65.78934703921965,100.32783999078023,223.9163920963819,67.58231884548981,163.9611136126867,12.404679150790363,25.157378573023177,18.455697655583847,51.33356382119419,7.296773835862841,1.366310901708875,28.634746977865504,86.65378586659718,7.202662132290775,21.770401324276452,12.442873271198732,24.00256565810464,8.356233389922682,5.416341376708646
40.08864656205307,54.033514904801045,112.58019545304084,0.0,266.3981972948271,136.6128409163198,127.88849089044858,266.98366240035705,71.53430487032355,154.81540082804813,1.736250599712833,27.492328401575243,2.3564896070168553,9.641614371686671,0.5462900446463103,0.16254497508010898,26.604091429670536,96.31383484382854,14.291237944895895,44.682040815209284,15.794363782455655,3.5365156937449194,19.4957203596422,10.132742883445214
43.3028658362125,59.45625893260776,123.86748328264984,0.0,353.1928585055496,114.31626804487968,68.62259723662036,184.46237649843442,70.82790234931392,185.37315784475373,2.351438394522841,17.68421198526657,1.8739435614063242,7.508607021568573,0.34066180665951723,0.052468379969051834,29.047593954394454,170.31359705782353,48.263927574600444,86.1739417926014,38.01817610343066,42.23085040021407,35.81462005031257,25.345603471938638
112.11697412129492,57.550016729995605,119.90360243857538,0.0,380.00656025121947,225.28938518264297,285.26526680087466,155.7794828368349,61.06709804199469,168.15894614220676,3.7818031143562374,37.69191133638006,3.1872173253927634,6.825206419539518,0.3556718133582006,0.2738325911390495,37.380283534609404,198.67959702775568,14.631641516054527,20.972575095626457,28.138787816724793,62.992912658857094,31.37754610367374,11.49379743624078
12.964030941291014,51.298356490591736,106.8928069247183,0.0,215.97858095788138,49.097712313894704,73.18921645105786,25.675898494812774,76.46394665495801,302.0716702884008,2.475363556976725,20.221645695822563,1.6677695999357194,5.4439178463870705,0.11296833219658825,0.3244458242502933,26.241396738317192,180.41322370767702,21.272868093063956,54.974288094885964,4.214684851089403e-06,21.456903773002296,17.32463840953005,18.395273907716753
53.51427823408709,39.22294336507232,81.72116558504382,0.0,112.11971053425856,303.9737921067917,169.37816768870647,64.85190902454327,75.61748571307747,224.803929029121,72.52110263047518,19.658730794109065,3.6262903644714863,7.434886954037614,1.46406475067699,0.4485193525088378,33.852277954321444,243.63500999546864,45.91467288120744,57.21197435911359,0.7555227838002506,56.19035471734764,45.46799594080487,22.12323274459423
99.92950553158614,65.36274864554807,136.18217024549512,0.0,229.13613074046432,546.6188000927694,253.26207187245683,39.524495409490015,102.92470373713012,250.48832145997736,122.91638117222558,27.811863385325957,2.399885189569487,1.2235981312130135,0.2194554375142137,0.2677927456347747,37.311300729959335,275.43012120513555,27.9187066470005,42.535554916507365,3.8376208454419296,62.38098171797329,20.76523669237301,19.18381598238552
48.930714805771636,62.56162499172605,130.34069728515854,0.0,92.88536147951082,312.7862697781053,202.89161597428773,160.4200562715137,59.98652952585794,173.68155592576267,2.941195663803062,24.321588201688815,1.6257742679378369,5.211090003070435,0.4491859750457449,1.0322445248545329,35.65648255445268,130.06604338598495,43.02638524746767,30.545385729425085,113.4548265743572,117.77347761696375,40.35111366787686,25.856328371389353
28.639398898330732,63.05324838261515,131.36292049117202,0.0,252.82613733220464,121.38315191263922,114.9550584123429,102.01697357603396,57.17357615961725,163.14970422786354,1.0294352329412342,20.266579654452332,8.2925807909066,16.067827413771045,0.9668158840137941,0.6649260682837561,37.03277477827019,236.85460324018547,38.179182865551994,57.08412451573007,21.765424947265515,56.998078422371236,30.699858723120023,25.144723083023603
31.41828024979955,54.78428936064667,114.14345398407956,0.0,140.38111022492507,124.26899740448803,63.07979916233147,196.66780145143633,69.2221727620823,171.48217090946795,1.2586069188542375,32.05256574329204,1.2659460453151261,5.236229452759931,0.30346546974981536,0.06436130366902862,28.376102044196802,115.20703816581295,35.784845981865075,39.27546435865468,68.09202979587714,68.04871852547062,20.447645757671413,61.63347430463213
47.95721897678407,29.126482381917576,60.688277272990746,0.0,148.569664735244,83.37559784619621,39.20452317370691,372.0927819819552,71.87427891102286,153.9267280532927,9.702246694790938,26.84648901222985,5.542941719664691,26.7752530580568,1.0569917776289834,1.0149631102928933,24.172394242147462,142.96037593332287,36.26109262942629,16.30544330418405,28.127028455810986,48.088048258000555,33.92719486444098,17.60502354942906
53.54272921216532,43.27922089369201,90.17175413665205,0.0,314.8062365987421,159.64896171422114,124.00235922425468,499.9579038295662,59.28845002268255,101.15445387678308,3.4639526167191095,48.362556757861455,21.54295007338367,14.01198071046733,2.4479529821919765,1.0549028641622191,32.71740711372384,181.67456058984007,44.80181576842977,42.12284570351275,20.498076802340194,46.00437006868773,35.38987648755908,22.036685759464774
65.13296201190253,29.463750044892816,61.39160326557071,0.0,212.6704819114247,148.84252947400853,167.040191932181,308.78970166054444,77.67580634916973,139.6416049709628,4.663222950665838,30.912992528461004,7.859212530114544,21.818949348214762,5.455762046668502,0.34475034315389663,19.23355624576833,53.31897105469532,12.53087084296344,134.1029470817442,0.0,10.40099604252776,23.60589460258517,6.493140904831658
96.2940441374287,57.04628507677715,118.8551603862221,0.0,255.78688234259732,334.59399762881617,116.69119251808907,18.43217732106479,87.74175993100083,278.87933855416577,153.32158745488843,24.25928174493551,2.63297378147856,15.238921104654931,2.7713417543857664,0.2173027625889149,32.47312754838362,167.20237057048416,31.89456806419988,30.29104944940435,54.64299084151019,66.94778319594273,28.259474797495034,23.597819412323474
94.69534763934168,46.73946591475115,97.3803042048226,0.0,1060.9607437251968,101.59023832624052,113.64277905832088,205.8015966180002,92.72342048461525,222.68111030685202,4.601569860368561,22.693960464830933,4.82805867566613,0.3309819526434424,1.6138426470196656,0.19621832755682858,22.164386964389934,98.984417815253,39.09156882202655,0.17687076229550594,16.90028573303975,11.64393514053961,62.926804153409,6.01110539716359
41.788971197154964,47.12403380457871,98.18459391039161,0.0,229.76295075119106,143.94533420509097,154.7563176836207,150.8356606765093,84.73193089511508,203.24979748739446,1.5971912204425525,29.651860908147494,2.972733903959345,6.729506638141913,0.4941458477460264,0.010018944633915533,21.159996241297122,70.79431653488692,2.731341168044465,5.135225276060579,23.07940114056911,28.295280829172572,17.101709409844513,9.947861680753618
24.235598916540265,62.70270343033093,130.64938714358686,0.0,212.68828423947627,28.382256772839373,92.69888222442685,191.4401496269435,47.81286219661961,137.13582873272563,9.30839535581532,24.01833165569259,6.128378069173704,19.95718046477774,0.9053064628596474,3.706214476389216,48.257072757150574,186.77284510531845,14.229845383066733,61.90970650956415,36.40469873580686,97.48788552508239,18.985828697326472,16.662624536917377
19.962006455155432,49.357294166421454,102.83035349797585,0.0,222.92490933972846,113.5043281677846,97.4043146678612,242.6749018870975,85.27128324818422,183.01693670389798,1.8902024198034566,22.9184152370408,6.247863102121202,1.8673466292012657,0.47201490395742696,0.5098898232634486,20.394271376632492,32.98597406825763,6.6622009299026645,15.400440178445274,12.51787290909205,4.59382114427659,8.498207201870297,2.6338278089979936
93.34048640384746,63.01347872167532,131.28899846807627,0.0,337.7354604182475,217.08669288334568,141.58947329437106,226.81318037130723,55.65766570506032,131.59367776774613,2.2291840823758458,24.3813176647821,6.4961427019113716,15.764617370525265,0.22134561907542008,0.6318006200163752,43.92745263558422,302.768940577145,15.692332286414969,31.69740722983826,18.105478985005092,81.5449112914624,36.80578758926832,6.265208296055106
26.016468992649326,51.60217536319478,107.51502568943624,0.0,263.0121389364988,114.74928452389125,116.75934495304807,247.38841037626304,66.93732602465327,167.91509310754512,2.1558628096287946,24.85135955511036,11.548059389990218,21.079445722382406,2.0998643955496523,0.9881883890328236,29.568075256008555,131.47056038662114,9.764387611264276,14.616551053577957,28.87622438713105,22.39988462897177,23.39651286659552,11.497690668372611
30.56834138203884,51.457134479543015,107.20595309738329,0.0,300.1920445637267,114.20125169339146,47.06825914011905,135.18020166788207,63.582154083790805,199.91021819218224,2.8925016548765,12.740736268380983,11.942030525102584,50.032396705598316,2.317968721169375,0.1980378699483704,25.196140615606666,70.5602843846812,18.394436889897527,20.33285750917787,21.836527827833418,24.05216069280186,13.394741084782854,8.83155453220055
21.296698005046917,59.322944023969704,123.60315055880967,0.0,311.07711858242,93.2908670853124,74.60921398488645,159.12258234819512,53.92169614717874,153.52935569392423,1.8902785246095368,21.84664186443267,14.485544207283848,24.724541510383837,0.8412131542206543,0.2562952462234636,38.00395247694876,81.09171838866074,32.837996159990055,62.00239560838666,122.78584033167941,142.72634389559371,31.706699040382574,14.005802269496185
60.60083643699734,65.82438452315273,137.1257463179761,0.0,263.7453712894777,158.31925605075102,145.19302678541294,55.96232561649356,63.62613483196841,209.46379388005266,2.9687315954981583,18.42915000378588,13.246677437434382,8.853990922744467,0.43830940602382074,0.07429616210508407,34.97164144070999,193.5899242259746,41.361333604000876,0.8062284201467057,69.78539935690007,12.50549257867413,40.10034016205529,26.183291861822045
93.02815863392681,65.93540378563638,137.3734624917393,0.0,353.943058772573,196.97013719901486,280.45491000959953,168.65644999101636,49.307869539624946,134.12249958021692,1.0894998154283402,27.371896639181557,4.247677583944243,9.229007542748326,0.8805299650604652,0.19472819650643058,47.2347135301473,302.5330191561055,23.35708007121658,33.895355847211725,22.695750011120403,83.84047002888634,31.814230576807013,17.045372095513283
56.36506141341087,34.92752012246666,72.77608484775794,0.0,202.80828046592748,286.9810946499539,144.81980950082695,296.1251141333354,80.33421549273429,151.67918150827438,1.696149493655756,25.19791232088071,2.3688252804513708,10.294133873038152,0.264786501048031,0.04251832860695254,20.705081065062544,118.31918004043588,32.87645402640431,19.582423263791462,14.520024502433474,9.893268096109358,29.3568484523503,12.75417622598218
58.87881292211845,79.0928487799108,164.7751839733967,0.0,314.8476543740874,225.56104304842313,221.90499605370155,136.65379035668653,35.17679906854175,102.85066796635122,0.8644766245473641,15.8988994902039,5.754644128424564,7.402206653409654,0.3837461429486399,0.08040779514523508,56.571977464320746,397.0005504094083,64.64910958018503,42.83752258444934,31.270445424547077,108.79833079256125,27.896067482967155,49.593022795539994
27.818844036493427,50.34516509271725,104.89939139736859,0.0,150.6551410004596,97.55199573215909,36.205867814917184,25.493461529080083,77.56952816506538,300.824940732749,4.148089881630591,34.03840291413195,1.9781405002552044,1.8387013534721928,0.1437785074109925,0.12222674220155053,24.225616686845182,196.03238093092864,25.928239611532742,44.71271108773258,0.0,18.9283755735983,17.573136063211912,44.99083763563752
64.41210126158943,52.738825123278154,109.870630000768,0.0,208.1360119441715,206.0876392032937,159.83275257901727,16.38037419635704,87.85609577495914,386.9588617999435,88.34414419340823,12.891954504927707,6.673631901534236,1.229859034041883,0.10799214117139451,0.022474872470824872,28.517620035250438,171.79870015031136,16.82903051223202,74.74775772929891,3.1556965501230074,32.25383199160492,11.902699124443954,17.01418770181953
20.94735217711726,46.96027366260461,97.8394264489158,0.0,234.61412443383696,104.96529054298618,105.85513907370401,172.5558189077969,80.19876900793216,242.08356086552467,10.484183347572362,17.467828889104158,3.8449040142541655,18.819217486657543,0.4390066676943159,1.0637235225373314,23.560428106732864,107.46395857675006,3.8084023140863494,13.950117282242266,0.0,10.590940469685682,3.789000228366139,3.136519603396127
57.48567695590437,38.47847500679388,80.17406345307194,0.0,112.76200797117956,427.1394202115065,298.72119079499976,80.70518319236527,71.82641548865699,200.3391532067105,4.335039417684547,29.49446878789665,34.23801822624881,12.152139368982429,5.024607241993623,0.19086482092898224,25.522288988696314,145.41915836993604,37.573857153878976,18.79129556504546,66.95405753967299,58.96469284480725,38.28945722713955,26.601669387148732
36.62234808012729,60.481541733486345,126.0137709167176,0.0,209.5461114010725,144.13096619861042,116.45437714655051,238.6336503498725,61.278818801854015,165.88467680572677,3.6281971237705934,16.26794510678095,12.68642627666616,8.827614992315253,0.41906541771795536,0.35345097373208334,35.62285181929957,231.69235948171405,17.70542113022251,54.41029808516157,2.0627283894412525,34.37435347082222,21.491422490363423,17.074265409056782
41.87419651842916,59.5038258533676,123.97004311243037,0.0,151.8422768656349,214.82845246107,105.23145519679154,456.26699408703814,58.524256813260145,105.80969344218906,4.904418052088423,46.08743706233282,3.9648879626558076,13.2559951516946,0.12695201182397667,0.1128173613289056,32.732626625412124,130.81211229986448,23.589782618388384,103.72140478730896,11.219519469761,25.937706607377635,26.504074343653873,18.699442613006113
